Location,Address,Size of Billboard,Literacy Rate,Male,Female,Young,Middle Age,Old Age,Poor,Middle Class,Rich,Cost,Vehicle Count,Link
Andheri (EAST) 23143,"Vakola Flyover: Western Express Highway, Opp Reliance Energy",1600,91.6,53.475,46.525,45,49.8,5.2,51,17,32,350000,9720,https://www.themediaant.com/outdoor/hoarding-andheri-east-mumbai-23143
Andheri (EAST) 28112,"Western Express Highway Andheri, Jog Flyover, Traffic from andheri towards Bandra",1600,91.6,53.475,46.525,45,49.8,5.2,51,17,32,140000,7750,https://www.themediaant.com/outdoor/hoarding-andheri-east-mumbai-28112
Andheri (EAST) 36847,"Beside Synergizing Technologies, Traffic From Vile Parle Towards Malpa Dongri (Right Hand Side)",1600,91.6,53.475,46.525,45,49.8,5.2,51,17,32,129000,7550,https://www.themediaant.com/outdoor/hoarding-andheri-east-mumbai-36847
Andheri (EAST) 37139,"Before Andheri Flyover, Traffic from Malpa Dongri, Towards Shivaji Maharaj Smarak",1600,91.6,53.475,46.525,45,49.8,5.2,51,17,32,100000,5900,https://www.themediaant.com/outdoor/hoarding-andheri-east-mumbai-37139
Andheri (EAST) 37714,"WEH Andheri Pump house , Traffic From Andheri East Towards Kandivali East",1600,91.6,53.475,46.525,45,49.8,5.2,51,17,32,131000,7600,https://www.themediaant.com/outdoor/hoarding-andheri-east-mumbai-37714
Andheri (EAST) 37254,"Near Sai Service, Traffic From Vile Parle Towards Goregoan",1600,91.6,53.475,46.525,45,49.8,5.2,51,17,32,164000,8000,https://www.themediaant.com/outdoor/hoarding-andheri-east-mumbai-37254
Andheri (EAST) 36819,"Beside Sant Nirankari Satsang Bhawan, Traffic towards Jijamata Colony",400,91.6,53.475,46.525,45,49.8,5.2,51,17,32,41000,5500,https://www.themediaant.com/outdoor/hoarding-vile-parle-mumbai-36819
Andheri (EAST) 36846,"Beside Synergizing Technologies, Traffic towards Malpa Dongri",1600,91.6,53.475,46.525,45,49.8,5.2,51,17,32,105000,6350,https://www.themediaant.com/outdoor/hoarding-andheri-east-mumbai-36846
Andheri (EAST) 36849,"Beside Viraj Towers, Traffic From Sai Wadi Towards Verma Nagar",1560,91.6,53.475,46.525,45,49.8,5.2,51,17,32,35000,5250,https://www.themediaant.com/outdoor/hoarding-andheri-east-mumbai-36849
Andheri (EAST) 37741,"Beside Accelya, Traffic From Powai Towards Andheri East",625,91.6,53.475,46.525,45,49.8,5.2,51,17,32,66000,6500,https://www.themediaant.com/outdoor/hoarding-andheri-east-mumbai-37741
Chembur 14380,"Chembur ,From Priyadarshini Towards Dadar, Sion and BKC",1600,83.4,54.054,45.946,50,41,9,64.7,15.3,20,99500,6700,https://www.themediaant.com/outdoor/hoarding-chembur-mumbai-14380
Chembur 23181,"Chembur : SCLR Flyover, After Amar Mahal Junction towards EEH",1600,83.4,54.054,45.946,50,41,9,64.7,15.3,20,117500,7150,https://www.themediaant.com/outdoor/hoarding-ghatkopar-east-mumbai-23181
Chembur 23184,"Chembur Flyover : Sukh Shanti Ashram, Traffic from New Bombay to Sion",800,83.4,54.054,45.946,50,41,9,64.7,15.3,20,23500,4500,https://www.themediaant.com/outdoor/hoarding-chembur-east-mumbai-23184
Chembur 36902,"Beside Bhabha Atomic Research Center Quarter, Traffic towards Siddharth Colony",500,83.4,54.054,45.946,50,41,9,64.7,15.3,20,35000,5225,https://www.themediaant.com/outdoor/hoarding-chembur-mumbai-36902
Chembur 37925,"Beside Rashtriya Chemicals and Fertilizers Limited, Traffic towards Vikhroli",820,83.4,54.054,45.946,50,41,9,64.7,15.3,20,82000,6950,https://www.themediaant.com/outdoor/hoarding-chembur-mumbai-37295
Chembur 37155,"Near Amar Mahal, Chembur, Traffic from Ghatkopar west towards Kurla Highway Crossing",1200,83.4,54.054,45.946,50,41,9,64.7,15.3,20,70000,6550,https://www.themediaant.com/outdoor/hoarding-ghatkopar-east-mumbai-37155
Chembur 37469,"Near Tata Institute of Social Sciences, Traffic from Chembur towards Vashi (RHS)",900,83.4,54.054,45.946,50,41,9,64.7,15.3,20,234000,9550,https://www.themediaant.com/outdoor/hoarding-chembur-mumbai-37469
Chembur 36900,"Beside Murli Building Ganpati Temple, Traffic From Munjal Nagar towards Kirol Gaon (LHS)",1680,83.4,54.054,45.946,50,41,9,64.7,15.3,20,31000,4600,https://www.themediaant.com/outdoor/hoarding-ghatkopar-east-mumbai-36900
Chembur 36901,"Beside Bharat Petroleum Metro Station, Traffic from SV Patel Nagar towards Laxmi Colony (LHS)",600,83.4,54.054,45.946,50,41,9,64.7,15.3,20,30000,4725,https://www.themediaant.com/outdoor/hoarding-chembur-mumbai-36901
Chembur 36988,"Opposite Maharana Kamath, Traffic From Chembur towards Lalbaug (RHS)",128,83.4,54.054,45.946,50,41,9,64.7,15.3,20,47000,5500,https://www.themediaant.com/outdoor/hoarding-chembur-mumbai-36988
"Borivali West , 37149","Near Eskay Resort, Traffic from Lokmanya Tilak Chowk towards Sardar Vallabhai College",1600,92.9,50.15,49.85,45,49.8,5.2,58,27,15,82000,6350,https://www.themediaant.com/outdoor/hoarding-borivali-west-mumbai-37149
Borivali East,Near National Park Flyover,1100,92.9,50.15,49.85,45,49.8,5.2,58,27,15,47000,5650,https://www.themediaant.com/outdoor/hoarding-borivali-mumbai-15597
"Borivali West,36890","Beside Mandpeshwar Nursing Home, Near Daulat Nagar Flyover",800,92.9,50.15,49.85,45,49.8,5.2,58,27,15,30000,5200,https://www.themediaant.com/outdoor/hoarding-borivali-west-mumbai-36890
"Borivali East, 37147",Opposite Borivali East Station,900,92.9,50.15,49.85,45,49.8,5.2,58,27,15,94000,6990,https://www.themediaant.com/outdoor/hoarding-borivali-east-mumbai-37147
"Borivali East, 37193","Near Sanjay Gandhi National Park, Traffic From Borivali Towards Mira Bhayandar",1200,92.9,50.15,49.85,45,49.8,5.2,58,27,15,59000,6330,https://www.themediaant.com/outdoor/hoarding-borivali-east-mumbai-37193
"Borivali West, 37192","Borivali Flyover, from East to West",400,92.9,50.15,49.85,45,49.8,5.2,58,27,15,53000,5925,https://www.themediaant.com/outdoor/hoarding-borivali-west-mumbai-37192
"Borivali East, 37194",Near National Park,800,92.9,50.15,49.85,45,49.8,5.2,58,27,15,47000,5500,https://www.themediaant.com/outdoor/hoarding-borivali-mumbai-15598
"Borivali East, 37148","Opposite Rustomjee International School, Borivali East",420,92.9,50.15,49.85,45,49.8,5.2,58,27,15,47000,5620,https://www.themediaant.com/outdoor/hoarding-borivali-east-mumbai-37148
"Borivali West, 36880","Beside LN College, Borivali West",400,92.9,50.15,49.85,45,49.8,5.2,58,27,15,47000,5750,https://www.themediaant.com/outdoor/hoarding-borivali-west-mumbai-36880
"Borivali East, 36885",Opposite Borivali Metro Station,400,92.9,50.15,49.85,45,49.8,5.2,58,27,15,47000,5660,https://www.themediaant.com/outdoor/hoarding-borivali-east-mumbai-36885
"Goregaon West, 36865","Beside Bank of Baroada, Subash Nagar",1600,90.3,53.8,46.2,45,49.8,5.2,45,16.1,38.9,47000,5700,https://www.themediaant.com/outdoor/hoarding-goregaon-west-mumbai-36865
"Goregaon West, 36864","Near State Bank of India, Subash Nagar",2400,90.3,53.8,46.2,45,49.8,5.2,45,16.1,38.9,164000,8250,https://www.themediaant.com/outdoor/hoarding-goregaon-west-mumbai-36864
"Goregaon West, 37422",Near ACME Industrial Estate,1600,90.3,53.8,46.2,45,49.8,5.2,45,16.1,38.9,140000,7850,https://www.themediaant.com/outdoor/hoarding-goregaon-west-mumbai-37422
"Goregaon West, 37520","Beside ACME Industrial Estate, Goregaon West",800,90.3,53.8,46.2,45,49.8,5.2,45,16.1,38.9,76000,6220,https://www.themediaant.com/outdoor/hoarding-goregaon-west-mumbai-37520
"Goregaon, 37716","Opposite Doodh Sagar CHS, Aarey Flyover",1600,90.3,53.8,46.2,45,49.8,5.2,45,16.1,38.9,164000,8450,https://www.themediaant.com/outdoor/hoarding-goregaon-mumbai-37716
"Goregaon, 36852","Next To Nirlon Knowledge Park B7, Oshiwara",1600,90.3,53.8,46.2,45,49.8,5.2,45,16.1,38.9,59000,5800,https://www.themediaant.com/outdoor/hoarding-goregaon-mumbai-36852
"Goregaon, 36853","Next To Nirlon Knowledge Park B7, Oshiwara, Mrinaltai Flyover",800,90.3,53.8,46.2,45,49.8,5.2,45,16.1,38.9,140000,7770,https://www.themediaant.com/outdoor/hoarding-goregaon-mumbai-36853
"Goregaon, 36854","Next To Nirlon Knowledge Park B7, Oshiwara, Mrinal Tai Flyover",800,90.3,53.8,46.2,45,49.8,5.2,45,16.1,38.9,140000,7850,https://www.themediaant.com/outdoor/hoarding-goregaon-mumbai-36854
"Goregaon, 37267",Near Unify Search Solutions Pvt Ltd,900,90.3,53.8,46.2,45,49.8,5.2,45,16.1,38.9,110000,7350,https://www.themediaant.com/outdoor/hoarding-goregaon-mumbai-37267
"Goregaon West, 36855","Next To RBL Bank, Goregaon Flyover",2025,90.3,53.8,46.2,45,49.8,5.2,45,16.1,38.9,117000,7440,https://www.themediaant.com/outdoor/hoarding-goregaon-west-mumbai-36855
Andheri (EAST) 37141,"Near Chakala Ciggerate Company, Traffic from Saki Naka Signal",1600,91.6,53.475,46.525,45,49.8,5.2,51,17,32,58000,6200,https://www.themediaant.com/outdoor/hoarding-andheri-east-mumbai-37141
Andheri (EAST) 37181,"Saki Naka, Traffic From Powai Towards Andheri",800,91.6,53.475,46.525,45,49.8,5.2,51,17,32,59000,6320,https://www.themediaant.com/outdoor/hoarding-andheri-east-mumbai-37181
Andheri (EAST) 37740,"Beside Accelya, Traffic From Powai Towards Andheri Flyover",625,91.6,53.475,46.525,45,49.8,5.2,51,17,32,66000,6450,https://www.themediaant.com/outdoor/hoarding-andheri-east-mumbai-37740
Andheri (EAST) 37252,"Opposite Glenmark Pharmaceuticals Limited, Traffic from Andheri Flyover",1600,91.6,53.475,46.525,45,49.8,5.2,51,17,32,164000,8350,https://www.themediaant.com/outdoor/hoarding-andheri-east-mumbai-37252
Andheri (EAST) 37715,"Beside JK Regency, Traffic From Vile Parle Towards Andheri Subway",1600,91.6,53.475,46.525,45,49.8,5.2,51,17,32,164000,8440,https://www.themediaant.com/outdoor/hoarding-andheri-east-mumbai-37715
Chembur 22312,"Chembur Colony, Gidwani Marg, Chembur",148,83.4,54.054,45.946,50,41,9,64.7,15.3,20,6000,3200,https://www.themediaant.com/outdoor/bus-shelter-chembur-east-mumbai-22312
Chembur 22291,"R. K. Studio, V. N. Purav Road, Chembur",118,83.4,54.054,45.946,50,41,9,64.7,15.3,20,23500,4320,https://www.themediaant.com/outdoor/bus-shelter-chembur-east-mumbai-22291
Chembur 28101,"On Eastern Express Highway, SCLR Flyover Traffic ",1600,83.4,54.054,45.946,50,41,9,64.7,15.3,20,60000,5890,https://www.themediaant.com/outdoor/hoarding-chedda-nagar-mumbai-28101
Chembur 23182,"Chembur : SCLR Flyover, Before Amar Mahal Junction",1600,83.4,54.054,45.946,50,41,9,64.7,15.3,20,117000,7560,https://www.themediaant.com/outdoor/hoarding-chedda-nagar-mumbai-23182
Chembur 37475,"Near RK Studio, Traffic From Chembur ",360,83.4,54.054,45.946,50,41,9,64.7,15.3,20,117000,7700,https://www.themediaant.com/outdoor/hoarding-chembur-mumbai-37475
"Borivali East, 36887","Beside Microzyme, Traffic From Ashok Van Towards Devipada",800,92.9,50.15,49.85,45,49.8,5.2,58,27,15,35000,4880,https://www.themediaant.com/outdoor/hoarding-borivali-east-mumbai-36887
"Borivali West, 36881","Besides Bank Of Baroda, Traffic From Gokul Dham Society Towards Borivali",820,92.9,50.15,49.85,45,49.8,5.2,58,27,15,53000,5450,https://www.themediaant.com/outdoor/hoarding-borivali-west-mumbai-36881
"Borivali West, 37493","Beside HDFC Bank, Near Chamunda Circle, Traffic From Borivali West Towards Borival",320,92.9,50.15,49.85,45,49.8,5.2,58,27,15,41000,4990,https://www.themediaant.com/outdoor/hoarding-borivali-east-mumbai-36877
"Borivali West, 36879","Beside Borivali West Post Office, Traffic From Chikoowadi Towards Magathane",400,92.9,50.15,49.85,45,49.8,5.2,58,27,15,53000,5590,https://www.themediaant.com/outdoor/hoarding-borivali-east-mumbai-36889
"Borivali East, 36886",Opposite Borivali Metro Station,400,92.9,50.15,49.85,45,49.8,5.2,58,27,15,35000,4800,https://www.themediaant.com/outdoor/hoarding-borivali-east-mumbai-36878
"Borivali East, 36877","Beside BMC Office, Traffic From Magathane Towards Gokul Dham Society",400,92.9,50.15,49.85,45,49.8,5.2,58,27,15,53000,5440,https://www.themediaant.com/outdoor/hoarding-borivali-east-mumbai-37514
"Borivali East, 36889","Beside Microzyme, Traffic From Ashok Van Towards Devipada",800,92.9,50.15,49.85,45,49.8,5.2,58,27,15,35000,4820,https://www.themediaant.com/outdoor/hoarding-borivali-west-mumbai-36882
Chembur 22292,"Maitri Park, V. N. Purav Road, Chembur",148,83.4,54.054,45.946,50,41,9,64.7,15.3,20,23500,4550,https://www.themediaant.com/outdoor/bus-shelter-vn-purab-marg-mumbai-22292
Chembur 22325,"Amar Cinema, Waman Tukaram Patil Marg, Chembur",78,83.4,54.054,45.946,50,41,9,64.7,15.3,20,6000,4200,https://www.themediaant.com/outdoor/bus-shelter-ghatla-mumbai-22325
Chembur 22323,"R.B.I. Quarters, V. N. Purav Road, Chembur",148,83.4,54.054,45.946,50,41,9,64.7,15.3,20,23500,4500,https://www.themediaant.com/outdoor/bus-shelter-chembur-east-mumbai-22323
Chembur 21959,"Chembur Colony, R. C. Chemburkar Road, Chembur",94,83.4,54.054,45.946,50,41,9,64.7,15.3,20,6000,4100,https://www.themediaant.com/outdoor/bus-shelter-chembur-east-mumbai-21959
Chembur 22342,"Ambedkar Udyan, Dayanand Saraswati Marg, Chembur",132,83.4,54.054,45.946,50,41,9,64.7,15.3,20,6000,3000,https://www.themediaant.com/outdoor/bus-shelter-chembur-gaothan-mumbai-22342
Andheri (EAST) 28113,Western Express Highway Andheri Jog Flyover,1600,91.6,53.475,46.525,45,49.8,5.2,51,17,32,140000,7980,https://www.themediaant.com/outdoor/hoarding-andheri-east-mumbai-28113
Andheri (EAST) 28548,Mittal Estate,48,91.6,53.475,46.525,45,49.8,5.2,51,17,32,19000,5250,https://www.themediaant.com/outdoor/bus-shelter-andheri-east-mumbai-28548
Andheri (EAST) 17307,"International Airport Road, Sahar Road",168,91.6,53.475,46.525,45,49.8,5.2,51,17,32,6000,4800,https://www.themediaant.com/outdoor/bus-shelter-andheri-east-mumbai-17307
Andheri (EAST) 33537,"Main Lobby, Hubtown - Ackruti Trade Centre,",28,91.6,53.475,46.525,45,49.8,5.2,51,17,32,10500,4230,https://www.themediaant.com/outdoor/digital-ooh-andheri-east-mumbai-33537
Andheri (EAST) 37140,"Before Andheri Flyover,",600,91.6,53.475,46.525,45,49.8,5.2,51,17,32,100000,6570,https://www.themediaant.com/outdoor/hoarding-andheri-east-mumbai-37140
Mulund 22290,"Johnson & Johnson, L. B. S. Road, Mulund (W)",148,93.2,51.6,48.4,50,41,9,59.8,19,21.2,23500,6020,https://www.themediaant.com/outdoor/bus-shelter-mulund-west-mumbai-22290
Mulund 22284,"Maharshi Arvind Chowk, Purshottam Kheraj Road,",148,93.2,51.6,48.4,50,41,9,59.8,19,21.2,6000,4950,https://www.themediaant.com/outdoor/bus-shelter-mulund-west-mumbai-22284
Mulund 22275,"Hindustan Chowk, Durgha Road, Mulund (W)",142,93.2,51.6,48.4,50,41,9,59.8,19,21.2,6000,4760,https://www.themediaant.com/outdoor/bus-shelter-mulund-west-mumbai-22275
Mulund 22288,"Municipal Garden, Devidayal Road, Mulund (W)",148,93.2,51.6,48.4,50,41,9,59.8,19,21.2,6000,4130,https://www.themediaant.com/outdoor/bus-shelter-mulund-west-mumbai-22288
Mulund 22269,"Mulund Station (W), N. S. Road, Mulund (W)",94,93.2,51.6,48.4,50,41,9,59.8,19,21.2,6000,4120,https://www.themediaant.com/outdoor/bus-shelter-mulund-west-mumbai-22269
Mulund 22283,"Kalidas Natyagrah, Purshottam Kheraj Road,",189,93.2,51.6,48.4,50,41,9,59.8,19,21.2,6000,3200,https://www.themediaant.com/outdoor/bus-shelter-mulund-mumbai-22283
Mulund 22280,"E.S.I.S. Hospital, L. B. S. Road, Mulund (W)",94,93.2,51.6,48.4,50,41,9,59.8,19,21.2,23500,4210,https://www.themediaant.com/outdoor/bus-shelter-mulund-west-mumbai-22280
Mulund 22266,"Mulund Station (E), Station Road, Mulund (E)",148,93.2,51.6,48.4,50,41,9,59.8,19,21.2,6000,4800,https://www.themediaant.com/outdoor/bus-shelter-mulund-east-mumbai-22266
Mulund 22270,"Mulund Station (W), N. S. Road, Mulund (W)",148,93.2,51.6,48.4,50,41,9,59.8,19,21.2,6000,4900,https://www.themediaant.com/outdoor/bus-shelter-mulund-west-mumbai-22270
Mulund 22277,"Jai Shastri Nagar, Durgha Road, Mulund (W)",148,93.2,51.6,48.4,50,41,9,59.8,19,21.2,6000,4950,https://www.themediaant.com/outdoor/bus-shelter-mulund-west-mumbai-22277
Mulund 22289,"Hoechst Co. (Nirmal Lifestyle), L. B. S. Road",148,93.2,51.6,48.4,50,41,9,59.8,19,21.2,23500,4150,https://www.themediaant.com/outdoor/bus-shelter-mulund-west-mumbai-22289
"Goregaon West, 28087",Goregaon Flyover Traffic from Goregaon West towards east,1680,90.3,53.8,46.2,45,49.8,5.2,45,16.1,38.9,60000,5900,https://www.themediaant.com/outdoor/hoarding-goregaon-west-mumbai-28087
"Goregaon West, 28433","Goregaon Depot, Outside Vallabh Society, Link Road",56.38,90.3,53.8,46.2,45,49.8,5.2,45,16.1,38.9,19000,4100,https://www.themediaant.com/outdoor/bus-shelter-goregaon-west-mumbai-28433
"Goregaon West, 23494","Siddharth Nagar No.2, P. Kreeda Bhavan, Goregaon West",118,90.3,53.8,46.2,45,49.8,5.2,45,16.1,38.9,4500,4820,https://www.themediaant.com/outdoor/bus-shelter-goregaon-west-mumbai-23494
"Goregaon West, 28434","Oshiwara Link Road, Near Mega Mall, Opposite Oshwira Depot",80,90.3,53.8,46.2,45,49.8,5.2,45,16.1,38.9,19000,4120,https://www.themediaant.com/outdoor/bus-shelter-goregaon-west-mumbai-28434
"Goregaon West, 37512","Beside SRV Hospital, Traffic From Vile Parle Towards Goregaon",200,90.3,53.8,46.2,45,49.8,5.2,45,16.1,38.9,9000,4350,https://www.themediaant.com/outdoor/hoarding-goregaon-west-mumbai-37512
"Goregaon, 37719","Opposite Rajesh Industries, Traffic From Andheri towards oshiwara",1600,90.3,53.8,46.2,45,49.8,5.2,45,16.1,38.9,10700,6900,https://www.themediaant.com/outdoor/hoarding-goregaon-mumbai-37719
"Goregaon West, 36851","Beside Goregaon Bus Depot, Traffic From Goregaon towards Patliputra",1400,90.3,53.8,46.2,45,49.8,5.2,45,16.1,38.9,59000,5780,https://www.themediaant.com/outdoor/hoarding-goregaon-west-mumbai-36851
"Goregaon West, 36858",Beside Autonic Energy Systems Pvt. Ltd.,1600,90.3,53.8,46.2,45,49.8,5.2,45,16.1,38.9,47000,5650,https://www.themediaant.com/outdoor/hoarding-goregaon-west-mumbai-36858
"Goregaon, 37268","Near Lodha Florenza, Traffic From Oshiwara Towards Powai",625,90.3,53.8,46.2,45,49.8,5.2,45,16.1,38.9,88000,6200,https://www.themediaant.com/outdoor/hoarding-goregaon-mumbai-37268
"Goregaon, 37269","Near Lodha Florenza, Traffic From Powai Towards Oshiwara",625,90.3,53.8,46.2,45,49.8,5.2,45,16.1,38.9,88000,6100,https://www.themediaant.com/outdoor/hoarding-goregaon-mumbai-37269
"Goregaon West, 37510","Beside SRV Hospital, Traffic From Vile Parle Towards Goregaon",200,90.3,53.8,46.2,45,49.8,5.2,45,16.1,38.9,9000,4400,https://www.themediaant.com/outdoor/hoarding-goregaon-west-mumbai-37510
"Goregaon West, 37511","Beside SRV Hospital, Traffic From Vile Parle towards Goregaon",200,90.3,53.8,46.2,45,49.8,5.2,45,16.1,38.9,9000,4400,https://www.themediaant.com/outdoor/hoarding-goregaon-west-mumbai-37511
"Goregaon West, 37513","Beside SRV Hospital, Traffic From Vile Parle Towards Goregaon West",200,90.3,53.8,46.2,45,49.8,5.2,45,16.1,38.9,9000,4300,https://www.themediaant.com/outdoor/hoarding-goregaon-west-mumbai-37513
"Goregaon West, 37729","Near Goregaon Bus Depot, Traffic From Oshiwara Towards Goregaon",1600,90.3,53.8,46.2,45,49.8,5.2,45,16.1,38.9,10700,7020,https://www.themediaant.com/outdoor/hoarding-goregaon-west-mumbai-37729
"Goregaon West, 37730","Opposite PACL India Limited, Traffic From Oshiwara Towards Goregaon",1600,90.3,53.8,46.2,45,49.8,5.2,45,16.1,38.9,10700,6890,https://www.themediaant.com/outdoor/hoarding-goregaon-west-mumbai-37730
"Cama Industrial Estate, 23524","Telephone Office(nirlon), Service Road, Goregaon East",76,90.3,53.8,46.2,45,49.8,5.2,45,16.1,38.9,4500,4980,https://www.themediaant.com/outdoor/bus-shelter-cama-industrial-estate-mumbai-23524
"Goregaon West, 37512",Beside SRV Hospital,800,90.3,53.8,46.2,45,49.8,5.2,45,16.1,38.9,26000,4460,https://www.themediaant.com/outdoor/hoarding-goregaon-west-mumbai-37512
"Goregaon, 37189","Goregaon ROB, Traffic From Goregaon Towards Oberoi Mall",1600,90.3,53.8,46.2,45,49.8,5.2,45,16.1,38.9,129000,7600,https://www.themediaant.com/outdoor/hoarding-goregaon-mumbai-37189
"Goregaon, 37731",Near Nirlon Knowledge Park,1400,90.3,53.8,46.2,45,49.8,5.2,45,16.1,38.9,107000,7200,https://www.themediaant.com/outdoor/hoarding-goregaon-mumbai-37731
"Goregaon, 37265",Beside Sun Pharmaceutical Industries Ltd,1600,90.3,53.8,46.2,45,49.8,5.2,45,16.1,38.9,129000,7650,https://www.themediaant.com/outdoor/hoarding-goregaon-mumbai-37266
"Goregaon, 37720",Opposite Rajesh Industries,1600,90.3,53.8,46.2,45,49.8,5.2,45,16.1,38.9,107000,7200,https://www.themediaant.com/outdoor/hoarding-goregaon-mumbai-37720
"Azad Nagar, Mumbai, 23529","Hanuman Nagar, Filmcity Road, Goregaon East",168,90.3,53.8,46.2,45,49.8,5.2,45,16.1,38.9,4500,5020,https://www.themediaant.com/outdoor/bus-shelter-azad-nagar-mumbai-23529
"Sankalp Colony, 23523","Sankalpa Society, A. K. Vaidya Marg, Goregaon East",168,90.3,53.8,46.2,45,49.8,5.2,45,16.1,38.9,4500,5000,https://www.themediaant.com/outdoor/bus-shelter-sankalp-colony-mumbai-23523
"Goregaon East, 23519","Nsc Centre, Service Road, Goregaon East",152,90.3,53.8,46.2,45,49.8,5.2,45,16.1,38.9,4500,5010,https://www.themediaant.com/outdoor/bus-shelter-goregaon-east-mumbai-23519
"Dindoshi, 23532","Veet Bhatti, A. K. Vaidya Marg, Goregaon East",168,90.3,53.8,46.2,45,49.8,5.2,45,16.1,38.9,17500,7430,https://www.themediaant.com/outdoor/bus-shelter-dindoshi-mumbai-23532
"Shivdarshan Nagar, 23535","Santosh Nagar Ext., Goregaon East",168,90.3,53.8,46.2,45,49.8,5.2,45,16.1,38.9,4500,4960,https://www.themediaant.com/outdoor/bus-shelter-shivdarshan-nagar-mumbai-23535
"Goregaon East, 23520","Nsc Centre, Service Road, Goregaon East",159,90.3,53.8,46.2,45,49.8,5.2,45,16.1,38.9,4500,4980,https://www.themediaant.com/outdoor/bus-shelter-goregaon-east-mumbai-23520
"Yashodham, 23510","Veet Bhatti, A. K. Vaidya Marg, Goregaon East",159,90.3,53.8,46.2,45,49.8,5.2,45,16.1,38.9,17500,7500,https://www.themediaant.com/outdoor/bus-shelter-yashodham-mumbai-23510
"Azad Nagar, 23530","Hanuman Nagar, Filmcity Road, Goregaon East",168,90.3,53.8,46.2,45,49.8,5.2,45,16.1,38.9,4500,5100,https://www.themediaant.com/outdoor/bus-shelter-azad-nagar-mumbai-23530
"Azad Nagar, 23522","Samna Pariwar, A. K. Vaidya Marg, Goregaon East",76,90.3,53.8,46.2,45,49.8,5.2,45,16.1,38.9,4500,5080,https://www.themediaant.com/outdoor/bus-shelter-azad-nagar-mumbai-23522
"Yashodham, 23512","Veet Bhatti, A. K. Vaidya Marg, Goregaon East",159,90.3,53.8,46.2,45,49.8,5.2,45,16.1,38.9,17500,7460,https://www.themediaant.com/outdoor/bus-shelter-yashodham-mumbai-23512
"Yashodham, 23533","A.K.Vaidya Junction, Goregaon East",168,90.3,53.8,46.2,45,49.8,5.2,45,16.1,38.9,4500,5060,https://www.themediaant.com/outdoor/bus-shelter-yashodham-mumbai-23533
"Dindoshi, 23505","Dindoshi Bus Depot, A. K. VAIDYA MARG, GOREGAON",159,90.3,53.8,46.2,45,49.8,5.2,45,16.1,38.9,17500,7390,https://www.themediaant.com/outdoor/bus-shelter-dindoshi-mumbai-23505
"Azad Nagar, 23506","Wagheshwari Mandir, A. K. Vaidya Marg, Goregaon East",159,90.3,53.8,46.2,45,49.8,5.2,45,16.1,38.9,4500,5100,https://www.themediaant.com/outdoor/bus-shelter-azad-nagar-mumbai-23506
"Hanuman Tedki, 23514","Pravasi Industrial Estate, Vishveshwar Nagar",118,90.3,53.8,46.2,45,49.8,5.2,45,16.1,38.9,4500,5120,https://www.themediaant.com/outdoor/bus-shelter-hanuman-tedki-mumbai-23514
"Goregaon East, 23515","Jagat Sadguru Industrial Estate, Goregaon East",124,90.3,53.8,46.2,45,49.8,5.2,45,16.1,38.9,4500,5110,https://www.themediaant.com/outdoor/bus-shelter-goregaon-east-mumbai-23515
"Yashodham, 23527","Veerwani Industrial Estate, Mohan Gokhale Road",168,90.3,53.8,46.2,45,49.8,5.2,45,16.1,38.9,4500,5070,https://www.themediaant.com/outdoor/bus-shelter-yashodham-mumbai-23527
"Gokuldham Colony, 23508","RBI Colony, Radheshyam Mandir Road, Goregaon",118,90.3,53.8,46.2,45,49.8,5.2,45,16.1,38.9,4500,5060,https://www.themediaant.com/outdoor/bus-shelter-gokuldham-colony-mumbai-23508
"Yashodham, 23509","Dindoshi Depot, A. K. VAIDYA MARG, GOREGAON East",159,90.3,53.8,46.2,45,49.8,5.2,45,16.1,38.9,17500,7450,https://www.themediaant.com/outdoor/bus-shelter-yashodham-mumbai-23509
"Azad Nagar, 23507","Hanuman Nagar, Kali Vasti Road, Goregaon East",76,90.3,53.8,46.2,45,49.8,5.2,45,16.1,38.9,4500,4990,https://www.themediaant.com/outdoor/bus-shelter-azad-nagar-mumbai-23507
"Dindoshi, 23511","Veet Bhatti, A. K. Vaidya Marg, Goregaon East",159,90.3,53.8,46.2,45,49.8,5.2,45,16.1,38.9,17500,7420,https://www.themediaant.com/outdoor/bus-shelter-dindoshi-mumbai-23511
"Dindoshipada, 23513","Veet Bhatti, A. K. Vaidya Marg, Goregaon East",159,90.3,53.8,46.2,45,49.8,5.2,45,16.1,38.9,17500,7500,https://www.themediaant.com/outdoor/bus-shelter-dindoshipada-mumbai-23513
"Vshveshwar Nagar, 23526","Veerwani Industrial Estate, Mohan Gokhale Road",168,90.3,53.8,46.2,45,49.8,5.2,45,16.1,38.9,4500,5050,https://www.themediaant.com/outdoor/bus-shelter-vishveshwar-nagar-mumbai-23526
"Bandra West, 14360","Mahim ,Bandra Flyover Towards Sea Link,Mahim Bandra",1000,91.6,52.6,47.4,50,41,9,40.8,12.3,46.9,700000,9650,https://www.themediaant.com/outdoor/hoarding-bandra-west-mumbai-14360
"Bandra West, 28454","St. Peter's Church (BOI), Opposite St. Stanislaus School",62,91.6,52.6,47.4,50,41,9,40.8,12.3,46.9,19000,7620,https://www.themediaant.com/outdoor/bus-shelter-bandra-west-mumbai-28454
"Bandra West, 22358",Near Ticket Counter Bandra West,600,91.6,52.6,47.4,50,41,9,40.8,12.3,46.9,70000,4250,https://www.themediaant.com/outdoor/hoarding-bandra-west-mumbai-22358
"Bandra West, 24791",Opposite Talao Bandra SV road ( Left hand Side ),40,91.6,52.6,47.4,50,41,9,40.8,12.3,46.9,93500,9660,https://www.themediaant.com/outdoor/hoarding-bandra-mumbai-24791
"Bandra West, 37019","Beside State Bank Of India, Bandra West Towards Reclamation (Right Hand Side)",1200,91.6,52.6,47.4,50,41,9,40.8,12.3,46.9,210000,7950,https://www.themediaant.com/outdoor/hoarding-bandra-west-mumbai-37019
"Bandra West, 28122","Opposite Indian Bank, Khar Sv Road Railway Colony",40,91.6,52.6,47.4,50,41,9,40.8,12.3,46.9,23500,7890,https://www.themediaant.com/outdoor/hoarding-bandra-west-mumbai-28122
"Bandra West, 28106",Motimahal Tawa Hotel,72,91.6,52.6,47.4,50,41,9,40.8,12.3,46.9,19000,7550,https://www.themediaant.com/outdoor/bus-shelter-bandra-west-mumbai-28452
"Bandra West, 28527",Motimahal Tawa Hotel,80,91.6,52.6,47.4,50,41,9,40.8,12.3,46.9,19000,7610,https://www.themediaant.com/outdoor/bus-shelter-bandra-west-mumbai-28454
"Bandra East, 36801","Near Indian Oil Corporation Limited, Traffic From Kherwadi Towards Reclamation(Right Hand Side)",1600,91.6,52.6,47.4,50,41,9,40.8,12.3,46.9,257000,8290,https://www.themediaant.com/outdoor/hoarding-bandra-east-mumbai-36801
"Bandra West, 36797","Beside Shri Vitthal Rukmini Mandir, Traffic From Chinaiwadi Towards Reclamation (Right Hand Side)",360,91.6,52.6,47.4,50,41,9,40.8,12.3,46.9,47000,5640,https://www.themediaant.com/outdoor/hoarding-bandra-west-mumbai-36797
"Bandra West, 37132","Near Jari Mata Temple, Traffic from Lucky Restaurant junction towards Linking Road - SV Road Junction ( Left Hand Side )",620,91.6,52.6,47.4,50,41,9,40.8,12.3,46.9,140000,7560,https://www.themediaant.com/outdoor/hoarding-bandra-west-mumbai-37132
"Bandra West, 37018","Beside State Bank Of India, Bandra West Towards Reclamation (Right Hand Side)",600,91.6,52.6,47.4,50,41,9,40.8,12.3,46.9,152000,7680,https://www.themediaant.com/outdoor/hoarding-bandra-west-mumbai-37018
"Bandra West, 37706","Near Bank Of Baroda, Traffic From Bandra West Towards Kherwadi (Right Hand Side)",1600,91.6,52.6,47.4,50,41,9,40.8,12.3,46.9,409000,8940,https://www.themediaant.com/outdoor/hoarding-bandra-west-mumbai-37706
"Bandra West, 37707","Near Bank Of Baroda, Traffic From Kherwadi Towards Bandra West (Right Hand Side)",1600,91.6,52.6,47.4,50,41,9,40.8,12.3,46.9,409000,8840,https://www.themediaant.com/outdoor/hoarding-bandra-west-mumbai-37707
"Bandra West, 36796","Beside Shri Vitthal Rukmini Mandir, Traffic From Chinaiwadi Towards Reclamation (Right Hand Side)",360,91.6,52.6,47.4,50,41,9,40.8,12.3,46.9,47000,5600,https://www.themediaant.com/outdoor/hoarding-bandra-west-mumbai-36796
"Bandra West, 37133","Near Jari Mata Temple, Traffic from Linking Road - SV Road Junction junction towards Lucky Restaurant junction ( Right Hand Side )",620,91.6,52.6,47.4,50,41,9,40.8,12.3,46.9,140000,7550,https://www.themediaant.com/outdoor/hoarding-bandra-west-mumbai-37133
"Bandra West, 37134","Near Bank of Baroda, Traffic from Linking Road towards Turner Junction ( Right Hand Side )",200,91.6,52.6,47.4,50,41,9,40.8,12.3,46.9,58000,5730,https://www.themediaant.com/outdoor/hoarding-bandra-west-mumbai-37134
"Bandra West, 36977","Opposite Parekh Eye Hospital, Traffic From Bandra Kurla Complex Towards Bandra West (Right Hand Side)",60,91.6,52.6,47.4,50,41,9,40.8,12.3,46.9,47000,8430,https://www.themediaant.com/outdoor/hoarding-bandra-west-mumbai-36977
"Bandra West, 36795","Beside Shri Vitthal Rukmini Mandir, Traffic From Chinaiwadi Towards Reclamation (Right Hand Side)",800,91.6,52.6,47.4,50,41,9,40.8,12.3,46.9,70000,5890,https://www.themediaant.com/outdoor/hoarding-bandra-west-mumbai-36795
"Bandra West, 23176",Mahim Causeway Junction : Two Views traffic coming from Mahim causeway facing Evening traffic & WEH from Airport facing Morning traffic.,1600,91.6,52.6,47.4,50,41,9,40.8,12.3,46.9,467000,9340,https://www.themediaant.com/outdoor/hoarding-bandra-west-mumbai-23176
"Bandra West, 28500","Bandstand, Ahead of Mannat Bungalow Towards Taj Lands End",80,91.6,52.6,47.4,50,41,9,40.8,12.3,46.9,19000,7590,https://www.themediaant.com/outdoor/bus-shelter-bandra-west-mumbai-28500
"Bandra West, 37120","On WEH, Traffic from Worli Sea Link towards Bandra ( Right Hand Side )",1640,91.6,52.6,47.4,50,41,9,40.8,12.3,46.9,350000,8560,https://www.themediaant.com/outdoor/hoarding-bandra-west-mumbai-37120
"Bandra West, 16932","Oposite ICICI Bank, Khar Linking Road",1600,91.6,52.6,47.4,50,41,9,40.8,12.3,46.9,76000,5900,https://www.themediaant.com/outdoor/hoarding-bandra-west-mumbai-16932
"Bandra West, 23177",Mahim Causeway Junction : Facing traffic coming from Bandra Sv Road moving towards Mahim Causeway & Worli Sea Link .,1600,91.6,52.6,47.4,50,41,9,40.8,12.3,46.9,152000,7650,https://www.themediaant.com/outdoor/hoarding-bandra-west-mumbai-23177
"Bandra West, 24790","Near Petrol Pump, Bandra S.V.Road Opposite Bandra Masjid",870,91.6,52.6,47.4,50,41,9,40.8,12.3,46.9,105000,7230,https://www.themediaant.com/outdoor/hoarding-bandra-mumbai-24790
"Bandra West, 23174","Bandra : S.V.Road, Behind Fire Brigade,Traffic From Mahim Causeway to Bandra",600,91.6,52.6,47.4,50,41,9,40.8,12.3,46.9,64500,5780,https://www.themediaant.com/outdoor/hoarding-bandra-west-mumbai-23174
"Bandra West, 23173","Bandra : S.V Rd, Bandra, Opp Mosque, Traffic from Bandra to Mahim Causeway",400,91.6,52.6,47.4,50,41,9,40.8,12.3,46.9,35000,4790,https://www.themediaant.com/outdoor/hoarding-bandra-west-mumbai-23173
"Bandra West, 17277","Bandra Bandstand, B.J.Road, Traffic Towards Father Angel ashram",183,91.6,52.6,47.4,50,41,9,40.8,12.3,46.9,23500,6840,https://www.themediaant.com/outdoor/bus-shelter-bandra-west-mumbai-17277
"Bandra West, 37114","On WEH, Traffic from Worli Sea Link going towards Bandra ( Left Hand Side )",1681,91.6,52.6,47.4,50,41,9,40.8,12.3,46.9,280000,8320,https://www.themediaant.com/outdoor/hoarding-bandra-west-mumbai-37114
"Bandra West, 23172","Bandra : S.V Rd, Opp Bandra Mosque, Traffic from Mahim Causeway to Bandra",400,91.6,52.6,47.4,50,41,9,40.8,12.3,46.9,93500,7100,https://www.themediaant.com/outdoor/hoarding-bandra-west-mumbai-23172
"Bandra West, 37135","Opposite KFC, Linking Road, Traffic from Linking Road towards Turner Junction ( Right Hand Side )",300,91.6,52.6,47.4,50,41,9,40.8,12.3,46.9,40000,4950,https://www.themediaant.com/outdoor/hoarding-bandra-west-mumbai-37135
"Bandra West, 37239","Near Bandra Fire Station, Traffic From Kherwadi Towards Tabela (Left Hand Side)",1600,91.6,52.6,47.4,50,41,9,40.8,12.3,46.9,584000,9560,https://www.themediaant.com/outdoor/hoarding-bandra-west-mumbai-37239
"Bandra West, 23171","Bandra : S.V.Rd,Opposite Lucky Restaurant, Facing traffic from Bandra towards Khar",400,91.6,52.6,47.4,50,41,9,40.8,12.3,46.9,47000,5590,https://www.themediaant.com/outdoor/hoarding-bandra-west-mumbai-23171
"Bandra West, 36792","Opposite Bandra Masjid Near Petrol Pump, S.V.Road Bandra, Traffic From Reclamation Towards Chinaiwadi (Left Hand Side)",855,91.6,52.6,47.4,50,41,9,40.8,12.3,46.9,105000,7250,https://www.themediaant.com/outdoor/hoarding-bandra-west-mumbai-36792
"Bandra East, 36803","Near Indian Oil Corporation Limited, Traffic From Kherwadi Towards Reclamation(Right Hand Side)",2025,91.6,52.6,47.4,50,41,9,40.8,12.3,46.9,210000,8100,https://www.themediaant.com/outdoor/hoarding-bandra-east-mumbai-36803
"Bandra West, 37130","Near Jama Masjid, Traffic from Bandra Sea Link towards Mahim ( Left Hand Side )",400,91.6,52.6,47.4,50,41,9,40.8,12.3,46.9,82000,6980,https://www.themediaant.com/outdoor/hoarding-bandra-west-mumbai-37130
"Bandra West, 37243","Near Bandra Fire Station, Traffic From Kherwadi Towards Reclamation (Left Hand Side)",3060,91.6,52.6,47.4,50,41,9,40.8,12.3,46.9,817000,9920,https://www.themediaant.com/outdoor/hoarding-bandra-west-mumbai-37243
"Bandra West, 37238","Near Bandra Fire Station, Traffic From Kherwadi Towards Tabela (Left Hand Side)",1600,91.6,52.6,47.4,50,41,9,40.8,12.3,46.9,514000,9520,https://www.themediaant.com/outdoor/hoarding-bandra-west-mumbai-37238
"Bandra West, 37121","On WEH, Traffic from Worli Sea Link towards Bandra ( Right Hand Side )",1640,91.6,52.6,47.4,50,41,9,40.8,12.3,46.9,350000,8580,https://www.themediaant.com/outdoor/hoarding-bandra-west-mumbai-37121
"Bandra West, 37116","On WEH, Traffic from Worli Sea Link towards Bandra ( Left Hand Side )",1681,91.6,52.6,47.4,50,41,9,40.8,12.3,46.9,280000,8360,https://www.themediaant.com/outdoor/hoarding-bandra-west-mumbai-37116
"Bandra West, 37129","Near Jama Masjid, Traffic from Khar towards Bandra Sea Link ( Left Hand Side )",400,91.6,52.6,47.4,50,41,9,40.8,12.3,46.9,82000,7000,https://www.themediaant.com/outdoor/hoarding-bandra-west-mumbai-37129
"Bandra West, 37118","On WEH, Traffic from Worli Sea Link towards Bandra ( Left Hand Side )",1681,91.6,52.6,47.4,50,41,9,40.8,12.3,46.9,280000,8300,https://www.themediaant.com/outdoor/hoarding-bandra-west-mumbai-37118
"Bandra West, 37123","On WEH, Traffic from Kalanagar flyover towards Sea Link ( Right Hand Side )",1640,91.6,52.6,47.4,50,41,9,40.8,12.3,46.9,420000,9380,https://www.themediaant.com/outdoor/hoarding-bandra-west-mumbai-37123
"Bandra West, 37131","Near Lucky Restaurant, Traffic from Bandra Police Station towards Jama Masjid ( Right hand Side )",400,91.6,52.6,47.4,50,41,9,40.8,12.3,46.9,82000,7050,https://www.themediaant.com/outdoor/hoarding-bandra-west-mumbai-37131
"Bandra West, 48432",Outside Saga Departmental Shop - MW 0090,250,91.6,52.6,47.4,50,41,9,40.8,12.3,46.9,33000,4760,https://www.themediaant.com/outdoor/bus-shelter-bandra-west-mumbai-48432
"Bandra West, 36794","Beside Bandra Bus Depot, Opposite Bandra Masjid, S.V.Road, Traffic From Reclamation Towards Bandra West (Right Hand Side)",575,91.6,52.6,47.4,50,41,9,40.8,12.3,46.9,59000,5760,https://www.themediaant.com/outdoor/hoarding-bandra-west-mumbai-36794
"Bandra West, 36976","Opposite Bandra Fire Station, Traffic From Bandra West Towards Dadar (Right Hand Side)",84,91.6,52.6,47.4,50,41,9,40.8,12.3,46.9,47000,8420,https://www.themediaant.com/outdoor/hoarding-bandra-west-mumbai-36976
"Bandra West, 37113","On WEH, Traffic from Worli Sea Link going towards Bandra ( Left Hand Side )",1681,91.6,52.6,47.4,50,41,9,40.8,12.3,46.9,280000,8280,https://www.themediaant.com/outdoor/hoarding-bandra-west-mumbai-37113
"Bandra West, 37115","On WEH, Traffic from Worli Sea Link going towards Bandra ( Left Hand Side )",1681,91.6,52.6,47.4,50,41,9,40.8,12.3,46.9,280000,8300,https://www.themediaant.com/outdoor/hoarding-bandra-west-mumbai-37115
"Bandra West, 37117","On WEH, Traffic from Worli Sea Link towards Bandra ( Left Hand Side )",1681,91.6,52.6,47.4,50,41,9,40.8,12.3,46.9,280000,8290,https://www.themediaant.com/outdoor/hoarding-bandra-west-mumbai-37117
"Bandra West, 48411",OppositeHoly family Hospital Opposite Harsh Bekry - MW 0048,250,91.6,52.6,47.4,50,41,9,40.8,12.3,46.9,19000,4320,https://www.themediaant.com/outdoor/bus-shelter-bandra-west-mumbai-48411
"Bandra West, 36793","Beside Bandra Bus Depot, Opposite Bandra Masjid, S.V.Road, Traffic From Reclamation Towards Bandra West (Right Hand Side)",625,91.6,52.6,47.4,50,41,9,40.8,12.3,46.9,59000,5800,https://www.themediaant.com/outdoor/hoarding-bandra-west-mumbai-36793
"Bandra West, 37119","On WEH, Traffic from Worli Sea Link towards Bandra ( Left Hand Side )",1681,91.6,52.6,47.4,50,41,9,40.8,12.3,46.9,280000,8320,https://www.themediaant.com/outdoor/hoarding-bandra-west-mumbai-37119
"Bandra West, 37122","On WEH, Traffic from Kalanagar flyover towards Sea Link ( Left Hand Side )",1640,91.6,52.6,47.4,50,41,9,40.8,12.3,46.9,420000,9340,https://www.themediaant.com/outdoor/hoarding-bandra-west-mumbai-37122
"Bandra East, 36978","Near Indian Oil Corporation Limited, Traffic From Bandra Kurla Complex Towards Reclamation (Right Hand Side)",128,91.6,52.6,47.4,50,41,9,40.8,12.3,46.9,47000,8380,https://www.themediaant.com/outdoor/hoarding-bandra-east-mumbai-36978
"Bandra West, 37235","Near Bandra Fire Station, Traffic From Bandra East Towards Reclamation (Right Hand Side)",1600,91.6,52.6,47.4,50,41,9,40.8,12.3,46.9,327000,8620,https://www.themediaant.com/outdoor/hoarding-bandra-west-mumbai-37235
"Bandra West, 37236","Near Bandra Fire Station, Traffic From Bandra East Towards Reclamation (Right Hand Side)",1600,91.6,52.6,47.4,50,41,9,40.8,12.3,46.9,397000,8890,https://www.themediaant.com/outdoor/hoarding-bandra-west-mumbai-37236
"Bandra West, 37395","Near State Bank Of India, Traffic From Khar West Towards Reclamation (Right Hand Side)",400,91.6,52.6,47.4,50,41,9,40.8,12.3,46.9,76000,6830,https://www.themediaant.com/outdoor/hoarding-bandra-west-mumbai-37395
"Bandra West, 48412",O /S Police Station / Outside BMC Office / Near Bhabha Hospital - MW 0050,250,91.6,52.6,47.4,50,41,9,40.8,12.3,46.9,33000,4620,https://www.themediaant.com/outdoor/bus-shelter-bandra-west-mumbai-48412
"Bandra West, 37242","Near Bandra Fire Station, Traffic From Reclamation Towards Kherwadi (Left Hand Side)",2025,91.6,52.6,47.4,50,41,9,40.8,12.3,46.9,700000,9700,https://www.themediaant.com/outdoor/hoarding-bandra-west-mumbai-37242
"Bandra West, 28528",Motimahal Tawa Hotel,72,91.6,52.6,47.4,50,41,9,40.8,12.3,46.9,19000,7560,https://www.themediaant.com/outdoor/bus-shelter-bandra-west-mumbai-28528
"Bandra West, 28453",Motimahal Tawa Hotel,80,91.6,52.6,47.4,50,41,9,40.8,12.3,46.9,19000,7590,https://www.themediaant.com/outdoor/bus-shelter-bandra-west-mumbai-28453
"Bandra West, 28501",Motimahal Tawa Hotel,80,91.6,52.6,47.4,50,41,9,40.8,12.3,46.9,19000,7600,https://www.themediaant.com/outdoor/bus-shelter-bandra-west-mumbai-28501
"Bandra West, 28452",Motimahal Tawa Hotel,72,91.6,52.6,47.4,50,41,9,40.8,12.3,46.9,19000,7510,https://www.themediaant.com/outdoor/bus-shelter-bandra-west-mumbai-28452
"Bandra West, 28499",Outside Saga,80,91.6,52.6,47.4,50,41,9,40.8,12.3,46.9,19000,7550,https://www.themediaant.com/outdoor/bus-shelter-bandra-west-mumbai-28499
"Bandra , 17278","Bandra, Carter Road, Traffic Towards Rizvi Complex",154,91.6,52.6,47.4,50,41,9,40.8,12.3,46.9,23500,7820,https://www.themediaant.com/outdoor/bus-shelter-pali-hill-mumbai-17278
"Bandra West, 28500","Bandstand, Ahead of Mannat Bungalow Towards Taj Lands End",80,91.6,52.6,47.4,50,41,9,40.8,12.3,46.9,19000,7600,https://www.themediaant.com/outdoor/bus-shelter-bandra-west-mumbai-28500
"Bandra West, 17277","Bandra Bandstand, B.J.Road, Traffic Towards Father Angel ashram",183,91.6,52.6,47.4,50,41,9,40.8,12.3,46.9,23500,7850,https://www.themediaant.com/outdoor/bus-shelter-bandra-west-mumbai-17277
"Bandra West, 28455","Sister Bungalow, Bandstand, Opposite Barista",80,91.6,52.6,47.4,50,41,9,40.8,12.3,46.9,19000,7620,https://www.themediaant.com/outdoor/bus-shelter-bandra-west-mumbai-28455
"Bandra, 24803","Above Citywalk, Linking Road Khar ( Right Hand Side )",600,91.6,52.6,47.4,50,41,9,40.8,12.3,46.9,134500,7550,https://www.themediaant.com/outdoor/hoarding-linking-road-mumbai-24803
"Bandra West, 37238","Near Bandra Fire Station, Traffic From Kherwadi Towards Tabela (Left Hand Side)",1600,91.6,52.6,47.4,50,41,9,40.8,12.3,46.9,514000,9520,https://www.themediaant.com/outdoor/hoarding-bandra-west-mumbai-37238
"Bandra West, 48563","near HSBC ATM,Diagonally OppositeKotak Mahindra Bank - MW 0076",200,91.6,52.6,47.4,50,41,9,40.8,12.3,46.9,6500,5320,https://www.themediaant.com/outdoor/bus-shelter-bandra-west-mumbai-48563
"Borivali East, 37194",Borivali on WEH RHS,800,92.9,50.15,49.85,45,49.8,5.2,58,27,15,35000,4810,https://www.themediaant.com/outdoor/hoarding-borivali-east-mumbai-37194
"Borivali East, 36884",Beside Borivali Police Station,600,92.9,50.15,49.85,45,49.8,5.2,58,27,15,47000,5100,https://www.themediaant.com/outdoor/hoarding-borivali-east-mumbai-36884
"Borivali West, 37494","Beside Janta Bank, Traffic From Borivali West Towards Poisar",100,92.9,50.15,49.85,45,49.8,5.2,58,27,15,24000,4700,https://www.themediaant.com/outdoor/hoarding-borivali-west-mumbai-37494
"Borivali West, 37191","Borivali Flyover, Traffic From Borivali East Towards Borivali West",400,92.9,50.15,49.85,45,49.8,5.2,58,27,15,53000,5890,https://www.themediaant.com/outdoor/hoarding-borivali-west-mumbai-37191
"Borivali East, 36888","Beside Microzyme, Traffic From Ashok Van Towards Devipada",800,92.9,50.15,49.85,45,49.8,5.2,58,27,15,35000,5150,https://www.themediaant.com/outdoor/hoarding-borivali-east-mumbai-36888
"Borivali East, 36883",Opposite Borivali Metro Station,820,92.9,50.15,49.85,45,49.8,5.2,58,27,15,53000,5820,https://www.themediaant.com/outdoor/hoarding-borivali-east-mumbai-36883
"Borivali East, 36886","Opposite Borivali Metro Station, Traffic From Borivali Towards Poisar",400,92.9,50.15,49.85,45,49.8,5.2,58,27,15,35000,4720,https://www.themediaant.com/outdoor/hoarding-borivali-east-mumbai-36886
"Borivali West, 37493","Beaside HDFC Bank, Near Chamunda Circle",320,92.9,50.15,49.85,45,49.8,5.2,58,27,15,41000,4920,https://www.themediaant.com/outdoor/hoarding-borivali-west-mumbai-37493
"Borivali West, 36879",Beside Borivali West Post Office,400,92.9,50.15,49.85,45,49.8,5.2,58,27,15,35000,4800,https://www.themediaant.com/outdoor/hoarding-borivali-west-mumbai-36879
"Borivali West, 37432",Opposite Borivali Station,400,92.9,50.15,49.85,45,49.8,5.2,58,27,15,82000,6920,https://www.themediaant.com/outdoor/hoarding-borivali-west-mumbai-37432
"Borivali West, 37431","Opposite Borivali Station, Traffic From Borivali Towards Poisar",400,92.9,50.15,49.85,45,49.8,5.2,58,27,15,65000,6300,https://www.themediaant.com/outdoor/hoarding-borivali-west-mumbai-37431
"Borivali West, 37495","Beside Janta Bank, Traffic From Poisar Towards Borivali West",100,92.9,50.15,49.85,45,49.8,5.2,58,27,15,24000,4500,https://www.themediaant.com/outdoor/hoarding-borivali-west-mumbai-37495
"Borivali, 17305","Near Raghu Leela Mall, Poisar Depot",149,92.9,50.15,49.85,45,49.8,5.2,58,27,15,23500,4600,https://www.themediaant.com/outdoor/bus-shelter-borivali-mumbai-17305
"Borivali West, 28416","Near Poisar Depot, Raghuleela Mall",78,92.9,50.15,49.85,45,49.8,5.2,58,27,15,19000,7600,https://www.themediaant.com/outdoor/bus-shelter-borivali-west-mumbai-28416
"Borivali East, 28415",In Front of Trupti Consultants,80,92.9,50.15,49.85,45,49.8,5.2,58,27,15,19000,7580,https://www.themediaant.com/outdoor/bus-shelter-borivali-east-mumbai-28415
"Borivali East, 28468","Borivali East West Flyover, Borivali ROB",84,92.9,50.15,49.85,45,49.8,5.2,58,27,15,19000,7550,https://www.themediaant.com/outdoor/bus-shelter-borivali-east-mumbai-28468
"Borivali West, 28476",Chikuwadi,84,92.9,50.15,49.85,45,49.8,5.2,58,27,15,19000,7560,https://www.themediaant.com/outdoor/bus-shelter-borivali-west-mumbai-28476
"Borivali West, 28469","Borivali Station, Opposite Borivali Station",84,92.9,50.15,49.85,45,49.8,5.2,58,27,15,19000,7630,https://www.themediaant.com/outdoor/bus-shelter-borivali-west-mumbai-28469
"Borivali West, 28475","Shimpoli Telephone Exchange,",80,92.9,50.15,49.85,45,49.8,5.2,58,27,15,19000,7560,https://www.themediaant.com/outdoor/bus-shelter-borivali-west-mumbai-28475
"Borivali West, 28473",Near Don Bosco School,80,92.9,50.15,49.85,45,49.8,5.2,58,27,15,19000,7540,https://www.themediaant.com/outdoor/bus-shelter-borivali-west-mumbai-28473
"Borivali West, 28471","Borivali Post Office, Up, Outside MHB Police Station",80,92.9,50.15,49.85,45,49.8,5.2,58,27,15,19000,7580,https://www.themediaant.com/outdoor/bus-shelter-borivali-west-mumbai-28471
"Borivali West, 28417","Near Poisar Depot, Raghuleela Mall",80,92.9,50.15,49.85,45,49.8,5.2,58,27,15,8500,5800,https://www.themediaant.com/outdoor/bus-shelter-borivali-west-mumbai-28417
"Borivali East, 37517",On Daulatnagar Flyover,80,92.9,50.15,49.85,45,49.8,5.2,58,27,15,24000,7900,https://www.themediaant.com/outdoor/bus-shelter-borivali-east-mumbai-37517
"Borivali West, 48864",Outside Station / Opposite BMC Office,130,92.9,50.15,49.85,45,49.8,5.2,58,27,15,6500,5630,https://www.themediaant.com/outdoor/bus-shelter-borivali-west-mumbai-48864
"Borivali West, 48864",Opposite St.Francis Tech.School - MW 0671,121,92.9,50.15,49.85,45,49.8,5.2,58,27,15,6500,5650,https://www.themediaant.com/outdoor/bus-shelter-borivali-west-mumbai-48666
"Borivali West, 48764",Near. Maxus Cinemas Zoom Mall - MW 0653,140,92.9,50.15,49.85,45,49.8,5.2,58,27,15,5500,5350,https://www.themediaant.com/outdoor/bus-shelter-borivali-west-mumbai-48764
"Borivali West, 48793",Outside Manyavar Showroom - MW 0649,78,92.9,50.15,49.85,45,49.8,5.2,58,27,15,19000,7620,https://www.themediaant.com/outdoor/bus-shelter-borivali-west-mumbai-48793
"Borivali West, 48865",Opposite Borivali Tel.Exchange / Near Station,168,92.9,50.15,49.85,45,49.8,5.2,58,27,15,6500,5640,https://www.themediaant.com/outdoor/bus-shelter-borivali-west-mumbai-48865
"Borivali West, 48647",Next To Pantaloons / Near Borivali Platform No1,159,92.9,50.15,49.85,45,49.8,5.2,58,27,15,19000,7550,https://www.themediaant.com/outdoor/bus-shelter-borivali-west-mumbai-48647
"Borivali West, 48652",Opposite Station - MW 0634,146,92.9,50.15,49.85,45,49.8,5.2,58,27,15,6500,5620,https://www.themediaant.com/outdoor/bus-shelter-borivali-west-mumbai-48652
"Borivali West, 48653",Opposite Station / Outside BMC Office,158,92.9,50.15,49.85,45,49.8,5.2,58,27,15,19000,7520,https://www.themediaant.com/outdoor/bus-shelter-borivali-west-mumbai-48653
"Borivali West, 48654",Near. Goragandhi Hotel - MW 0645,160,92.9,50.15,49.85,45,49.8,5.2,58,27,15,6500,5580,https://www.themediaant.com/outdoor/bus-shelter-borivali-west-mumbai-48654
"Borivali West, 48657",Near. Gokhale College / Sailee School - MW 0650A,168,92.9,50.15,49.85,45,49.8,5.2,58,27,15,6500,5560,https://www.themediaant.com/outdoor/bus-shelter-borivali-west-mumbai-48657
"Borivali West, 48659",St Lawrence High School - MW 0658,200,92.9,50.15,49.85,45,49.8,5.2,58,27,15,5500,5320,https://www.themediaant.com/outdoor/bus-shelter-borivali-west-mumbai-48659
"Borivali West, 48660",OppositeGandhi Nursing Home - MW 0665,140,92.9,50.15,49.85,45,49.8,5.2,58,27,15,6500,5500,https://www.themediaant.com/outdoor/bus-shelter-borivali-west-mumbai-48660
"Borivali West, 48667",Outside Station / Opposite Hotel Charwalk,159,92.9,50.15,49.85,45,49.8,5.2,58,27,15,6500,5590,https://www.themediaant.com/outdoor/bus-shelter-borivali-west-mumbai-48667
"Borivali East, 48672",Near. Sanjay Gandhi National Park - MW 0689,168,92.9,50.15,49.85,45,49.8,5.2,58,27,15,5500,5340,https://www.themediaant.com/outdoor/bus-shelter-borivali-east-mumbai-48672
"Borivali West, 48683",Opposite Tirumala Fabric Showroom - MW 0627,180,92.9,50.15,49.85,45,49.8,5.2,58,27,15,19000,7550,https://www.themediaant.com/outdoor/bus-shelter-borivali-west-mumbai-48683
"Borivali East, 48769",Near. Rustomjee Complex / Near. LN College,159,92.9,50.15,49.85,45,49.8,5.2,58,27,15,19000,7510,https://www.themediaant.com/outdoor/bus-shelter-borivali-east-mumbai-48769
"Borivali West, 48768",Outside BOB Borivali (E) Branch - MW 0682,172,92.9,50.15,49.85,45,49.8,5.2,58,27,15,5500,5290,https://www.themediaant.com/outdoor/bus-shelter-borivali-west-mumbai-48768
"Borivali West, 48684",Opposite Indraprastha ShOppositeing Center,168,92.9,50.15,49.85,45,49.8,5.2,58,27,15,19000,7620,https://www.themediaant.com/outdoor/bus-shelter-borivali-west-mumbai-48684
"Borivali West, 48685",Outside Station / Opposite BMC Office,160,92.9,50.15,49.85,45,49.8,5.2,58,27,15,6500,5600,https://www.themediaant.com/outdoor/bus-shelter-borivali-west-mumbai-48685
"Borivali West, 48690",Near. Goragandhi Hotel - MW 0643,154,92.9,50.15,49.85,45,49.8,5.2,58,27,15,5500,5320,https://www.themediaant.com/outdoor/bus-shelter-borivali-west-mumbai-48690
"Borivali West, 48691",Opposite Veg Treat Hotel - MW 0648,78,92.9,50.15,49.85,45,49.8,5.2,58,27,15,6500,5590,https://www.themediaant.com/outdoor/bus-shelter-borivali-west-mumbai-48691
"Borivali West, 48692",Opposite Hotel Bayview - MW 0654,168,92.9,50.15,49.85,45,49.8,5.2,58,27,15,5500,5290,https://www.themediaant.com/outdoor/bus-shelter-borivali-west-mumbai-48692
"Borivali West, 48701",Borivali Khau Gulli / Outstation Bus Stand,168,92.9,50.15,49.85,45,49.8,5.2,58,27,15,6500,5570,https://www.themediaant.com/outdoor/bus-shelter-borivali-west-mumbai-48701
"Borivali West, 48702",Outside Bhagwati Hospital - MW 0669,159,92.9,50.15,49.85,45,49.8,5.2,58,27,15,6500,5600,https://www.themediaant.com/outdoor/bus-shelter-borivali-west-mumbai-48702
"Borivali West, 48705",Outside Eltee Apt. - MW 0677,180,92.9,50.15,49.85,45,49.8,5.2,58,27,15,6500,5520,https://www.themediaant.com/outdoor/bus-shelter-borivali-west-mumbai-48705
"Borivali West, 48706",Outside Hotel Sammelan - MW 0685,144,92.9,50.15,49.85,45,49.8,5.2,58,27,15,5500,5310,https://www.themediaant.com/outdoor/bus-shelter-borivali-west-mumbai-48706
"Borivali East, 48707",Near Jayaben Mehta School - MW 0694,168,92.9,50.15,49.85,45,49.8,5.2,58,27,15,19000,7650,https://www.themediaant.com/outdoor/bus-shelter-borivali-east-mumbai-48707
"Borivali West, 48759",Near. Kalyan Jewellers / Domino's - MW 0626,80,92.9,50.15,49.85,45,49.8,5.2,58,27,15,19000,7640,https://www.themediaant.com/outdoor/bus-shelter-borivali-west-mumbai-48759
"Borivali West, 48760",Opposite To Pantaloons / Near Borivali Platform No.1,159,92.9,50.15,49.85,45,49.8,5.2,58,27,15,6500,5720,https://www.themediaant.com/outdoor/bus-shelter-borivali-west-mumbai-48760
"Borivali West, 48761",Outside Station / Opposite BMC Office,144,92.9,50.15,49.85,45,49.8,5.2,58,27,15,6500,5660,https://www.themediaant.com/outdoor/bus-shelter-borivali-west-mumbai-48761
"Borivali West, 48762",Opposite Borivali Tel.Exchange / Near Station,130,92.9,50.15,49.85,45,49.8,5.2,58,27,15,6500,5670,https://www.themediaant.com/outdoor/bus-shelter-borivali-west-mumbai-48762
"Borivali West, 48763",Near. Arvind Store / Near. Deepak Hotel - MW 0647,159,92.9,50.15,49.85,45,49.8,5.2,58,27,15,6500,5660,https://www.themediaant.com/outdoor/bus-shelter-borivali-west-mumbai-48763
"Borivali West, 48765",Outside Citizen Bank - MW 0662,60,92.9,50.15,49.85,45,49.8,5.2,58,27,15,6500,5600,https://www.themediaant.com/outdoor/bus-shelter-borivali-west-mumbai-48765
"Borivali West, 48767",Near. JBCN School - MW 0674,168,92.9,50.15,49.85,45,49.8,5.2,58,27,15,5500,5340,https://www.themediaant.com/outdoor/bus-shelter-borivali-west-mumbai-48767
"Borivali West, 48789",Near Tirumala Fabric Showroom - MW 0628,144,92.9,50.15,49.85,45,49.8,5.2,58,27,15,19000,7580,https://www.themediaant.com/outdoor/bus-shelter-borivali-west-mumbai-48789
"Borivali West, 48790",Opposite Jaya Talkies / Outside Station,172,92.9,50.15,49.85,45,49.8,5.2,58,27,15,19000,7610,https://www.themediaant.com/outdoor/bus-shelter-borivali-west-mumbai-48790
"Borivali West, 48791",Outside Station / Opposite BMC Office,159,92.9,50.15,49.85,45,49.8,5.2,58,27,15,6500,5650,https://www.themediaant.com/outdoor/bus-shelter-borivali-west-mumbai-48791
"Borivali West, 48792",Near. Goragandhi Hotel - MW 0644,144,92.9,50.15,49.85,45,49.8,5.2,58,27,15,19000,7550,https://www.themediaant.com/outdoor/bus-shelter-borivali-west-mumbai-48792
"Borivali West, 48794",Opposite Yogigurukrupa Apt. - MW 0655,78,92.9,50.15,49.85,45,49.8,5.2,58,27,15,5500,5300,https://www.themediaant.com/outdoor/bus-shelter-borivali-west-mumbai-48794
"Borivali West, 48795",Borivali Khau Gulli / Outstation Bus Stand,168,92.9,50.15,49.85,45,49.8,5.2,58,27,15,6500,5650,https://www.themediaant.com/outdoor/bus-shelter-borivali-west-mumbai-48795
"Borivali West, 48796",Outside St.Francis Tech.School - MW 0670,172,92.9,50.15,49.85,45,49.8,5.2,58,27,15,6500,5660,https://www.themediaant.com/outdoor/bus-shelter-borivali-west-mumbai-48796
"Borivali West, 48797",OppositeGokhale High School - MW 0678,159,92.9,50.15,49.85,45,49.8,5.2,58,27,15,6500,5600,https://www.themediaant.com/outdoor/bus-shelter-borivali-west-mumbai-48797
"Borivali East, 48798","Near Hotel Sanjay, Near. Station - MW 0686",180,92.9,50.15,49.85,45,49.8,5.2,58,27,15,5500,5450,https://www.themediaant.com/outdoor/bus-shelter-borivali-east-mumbai-48798
"Borivali East, 48799",Opposite ICICI Staff Qtrs. - MW 0695,80,92.9,50.15,49.85,45,49.8,5.2,58,27,15,6500,5680,https://www.themediaant.com/outdoor/bus-shelter-borivali-east-mumbai-48799
"Borivali West, 48863",Next To Pantaloons,168,92.9,50.15,49.85,45,49.8,5.2,58,27,15,19000,7560,https://www.themediaant.com/outdoor/bus-shelter-borivali-west-mumbai-48863
"Borivali West, 48866",Opposite Shrisagar Hotel - MW 0646,160,92.9,50.15,49.85,45,49.8,5.2,58,27,15,6500,5690,https://www.themediaant.com/outdoor/bus-shelter-borivali-west-mumbai-48866
"Borivali West, 48867",Near. Gokhale College / Sailee School - MW 0650B,154,92.9,50.15,49.85,45,49.8,5.2,58,27,15,5500,5400,https://www.themediaant.com/outdoor/bus-shelter-borivali-west-mumbai-48867
"Borivali West, 48868",LIC & IC Colony Junction - MW 0661,78,92.9,50.15,49.85,45,49.8,5.2,58,27,15,19000,7640,https://www.themediaant.com/outdoor/bus-shelter-borivali-west-mumbai-48868
"Borivali West, 48869",Outside Ram Mandir - MW 0666,168,92.9,50.15,49.85,45,49.8,5.2,58,27,15,5500,5340,https://www.themediaant.com/outdoor/bus-shelter-borivali-west-mumbai-48869
"Borivali West, 48870",Near. JBCN School - MW 0673,160,92.9,50.15,49.85,45,49.8,5.2,58,27,15,5500,5310,https://www.themediaant.com/outdoor/bus-shelter-borivali-west-mumbai-48870
"Borivali East, 48872",Kajupada Last Stop - MW 0691,154,92.9,50.15,49.85,45,49.8,5.2,58,27,15,5500,5290,https://www.themediaant.com/outdoor/bus-shelter-borivali-east-mumbai-48872
"Borivali West, 48766",Outside Bhagwati Hospital - MW 0667,78,92.9,50.15,49.85,45,49.8,5.2,58,27,15,6500,5590,https://www.themediaant.com/outdoor/bus-shelter-borivali-west-mumbai-48766
"Borivali West, 48876",Near. Maxus Cinemas Zoom Mall - MW 0726,168,92.9,50.15,49.85,45,49.8,5.2,58,27,15,6500,5650,https://www.themediaant.com/outdoor/bus-shelter-borivali-west-mumbai-48876
Andheri (EAST) 14368,"Western Express Highway , Andheri Pump House",1600,91.6,53.475,46.525,45,49.8,5.2,51,17,32,93500,6650,https://www.themediaant.com/outdoor/hoarding-andheri-mumbai-14368
Andheri (EAST) 28546,Outside Mirador Hotel,60,91.6,53.475,46.525,45,49.8,5.2,51,17,32,19000,7650,https://www.themediaant.com/outdoor/bus-shelter-andheri-east-mumbai-28546
Andheri (EAST) 28542,"Near WEH Metro Station, JB Nagar/ Chakala",80,91.6,53.475,46.525,45,49.8,5.2,51,17,32,19000,7680,https://www.themediaant.com/outdoor/bus-shelter-andheri-west-mumbai-28542
Andheri (EAST) 28104,"On Western Express Highway, Andheri Pump House",1600,91.6,53.475,46.525,45,49.8,5.2,51,17,32,95000,8750,https://www.themediaant.com/outdoor/hoarding-andheri-mumbai-28104
Andheri (EAST) 28547,Ambassador Hotel,80,91.6,53.475,46.525,45,49.8,5.2,51,17,32,8500,5980,https://www.themediaant.com/outdoor/bus-shelter-andheri-east-mumbai-28547
Andheri (EAST) 16935,Jogeshwari Pump House,1520,91.6,53.475,46.525,45,49.8,5.2,51,17,32,93500,6590,https://www.themediaant.com/outdoor/hoarding-andheri-east-mumbai-16935
Andheri (EAST) 17296,"Outside Techno Mall, Jogeshwari Link Road",91,91.6,53.475,46.525,45,49.8,5.2,51,17,32,6000,5500,https://www.themediaant.com/outdoor/bus-shelter-andheri-east-mumbai-17296
Andheri (EAST) 37264,"Beside Model Co-operative Bank Ltd,",180,91.6,53.475,46.525,45,49.8,5.2,51,17,32,35000,8110,https://www.themediaant.com/outdoor/hoarding-andheri-east-mumbai-37264
Andheri (EAST) 28539,Natraj Studio/Rustomjee Business park,80,91.6,53.475,46.525,45,49.8,5.2,51,17,32,19000,7500,https://www.themediaant.com/outdoor/bus-shelter-andheri-west-mumbai-28539
Andheri (EAST) 38650,"Beside Viraj Towers, Traffic From Verma Naga",1560,91.6,53.475,46.525,45,49.8,5.2,51,17,32,70000,6300,https://www.themediaant.com/outdoor/hoarding-andheri-east-mumbai-36850
Andheri (EAST) 37253,"Near Sai Service, Traffic From Goregaon",1600,91.6,53.475,46.525,45,49.8,5.2,51,17,32,164000,7530,https://www.themediaant.com/outdoor/hoarding-andheri-east-mumbai-37253
Andheri (EAST) 37257,Near Tata Consultancy Services,600,91.6,53.475,46.525,45,49.8,5.2,51,17,32,94000,6560,https://www.themediaant.com/outdoor/hoarding-andheri-east-mumbai-37257
Andheri (EAST) 37413,"Opposite Madison Media, Traffic From Vile Parle",1600,91.6,53.475,46.525,45,49.8,5.2,51,17,32,140000,6560,https://www.themediaant.com/outdoor/hoarding-andheri-east-mumbai-37413
Andheri (EAST) 23147,"Andheri : Near Andheri Subway, Andheri Station",400,91.6,53.475,46.525,45,49.8,5.2,51,17,32,23500,3350,https://www.themediaant.com/outdoor/hoarding-andheri-west-mumbai-23147
Andheri (EAST) 36845,Beside Synergizing Technologies,600,91.6,53.475,46.525,45,49.8,5.2,51,17,32,129000,4560,https://www.themediaant.com/outdoor/hoarding-andheri-east-mumbai-36845
Andheri (EAST) 36984,Near Subh International,60,91.6,53.475,46.525,45,49.8,5.2,51,17,32,47000,8420,https://www.themediaant.com/outdoor/hoarding-andheri-east-mumbai-36984
Andheri (EAST) 37251,Opposite Glenmark Pharmaceuticals Limited,1600,91.6,53.475,46.525,45,49.8,5.2,51,17,32,164000,6770,https://www.themediaant.com/outdoor/hoarding-andheri-east-mumbai-37251
Andheri (EAST) 37256,Near Tata Consultancy Services,600,91.6,53.475,46.525,45,49.8,5.2,51,17,32,82000,5670,https://www.themediaant.com/outdoor/hoarding-andheri-east-mumbai-37256
Andheri (EAST) 22241,"State Bank, Saki Vihar Road, Saki Naka",189,91.6,53.475,46.525,45,49.8,5.2,51,17,32,6000,5490,https://www.themediaant.com/outdoor/bus-shelter-manohar-nagar-mumbai-22241
Andheri (EAST) 22243,"Chandivli Village, Saki Vihar Road, Saki Naka",148,91.6,53.475,46.525,45,49.8,5.2,51,17,32,6000,5480,https://www.themediaant.com/outdoor/bus-shelter-ganesh-nagar-mumbai-22243
Andheri (EAST) 37255,Opposite Hindustan Unilever Limited,1600,91.6,53.475,46.525,45,49.8,5.2,51,17,32,140000,3450,https://www.themediaant.com/outdoor/hoarding-andheri-east-mumbai-37255
Andheri (EAST) 22244,"John Baker, Saki Vihar Road, Saki Naka",148,91.6,53.475,46.525,45,49.8,5.2,51,17,32,6000,5460,https://www.themediaant.com/outdoor/bus-shelter-ganesh-nagar-mumbai-22244
Andheri (EAST) 22246,"Tunga Village, Saki Vihar Road, Powai",148,91.6,53.475,46.525,45,49.8,5.2,51,17,32,6000,5520,https://www.themediaant.com/outdoor/bus-shelter-chandivali-mumbai-22246
Andheri (EAST) 23149,"Andheri: S.V. Road, Near Paaneri",800,91.6,53.475,46.525,45,49.8,5.2,51,17,32,58500,6560,https://www.themediaant.com/outdoor/hoarding-andheri-west-mumbai-23149
Andheri (EAST) 28105,"On Western Express Highway, Andheri Pump House",1600,91.6,53.475,46.525,45,49.8,5.2,51,17,32,160000,7570,https://www.themediaant.com/outdoor/hoarding-andheri-west-mumbai-28105
Andheri (EAST) 28540,Prakash Studio,80,91.6,53.475,46.525,45,49.8,5.2,51,17,32,19000,7600,https://www.themediaant.com/outdoor/bus-shelter-andheri-west-mumbai-28540
Andheri (EAST) 28549,P & T Colony,80,91.6,53.475,46.525,45,49.8,5.2,51,17,32,19000,7550,https://www.themediaant.com/outdoor/bus-shelter-andheri-east-mumbai-28549
Andheri (EAST) 37182,"Saki Naka, Traffic From Andheri Towards Powai",800,91.6,53.475,46.525,45,49.8,5.2,51,17,32,105000,6560,https://www.themediaant.com/outdoor/hoarding-andheri-east-mumbai-37182
Andheri (EAST) 28541,Prakash Studio,80,91.6,53.475,46.525,45,49.8,5.2,51,17,32,19000,7620,https://www.themediaant.com/outdoor/bus-shelter-andheri-west-mumbai-28541
Andheri (EAST) 48534,Outside .Indian Bank Andheri Br. and Merwans,80,91.6,53.475,46.525,45,49.8,5.2,51,17,32,19000,7600,https://www.themediaant.com/outdoor/bus-shelter-andheri-west-mumbai-48534
Andheri (EAST) 37482,"Near L&T, Traffic From Powai To Jvlr",600,91.6,53.475,46.525,45,49.8,5.2,51,17,32,152000,5560,https://www.themediaant.com/outdoor/hoarding-andheri-east-mumbai-37482
Andheri (EAST) 48528,"Opposite station, Outside MC Donalds - MW 0262AD",160,91.6,53.475,46.525,45,49.8,5.2,51,17,32,33000,8100,https://www.themediaant.com/outdoor/bus-shelter-andheri-west-mumbai-48528
Andheri (EAST) 37028,"Opposite Regency Hotel, Above Panthaky Building",600,91.6,53.475,46.525,45,49.8,5.2,51,17,32,35000,4590,https://www.themediaant.com/outdoor/hoarding-andheri-east-mumbai-37028
Andheri (EAST) 37481,"Near L&T, Traffic From Jvlr To Powai",600,91.6,53.475,46.525,45,49.8,5.2,51,17,32,152000,4680,https://www.themediaant.com/outdoor/hoarding-andheri-east-mumbai-37481
Andheri (EAST) 37175,"Andheri, Jog Flyover, Traffic From Andheri",1600,91.6,53.475,46.525,45,49.8,5.2,51,17,32,129000,6760,https://www.themediaant.com/outdoor/hoarding-jogeshwari-mumbai-37175
Andheri (EAST) 37530,"Andheri ROB, Traffic From Andheri East",1600,91.6,53.475,46.525,45,49.8,5.2,51,17,32,116000,5650,https://www.themediaant.com/outdoor/hoarding-andheri-east-mumbai-37530
Andheri (EAST) 37727,"Beside ITM Institute of Design and Media,",1600,91.6,53.475,46.525,45,49.8,5.2,51,17,32,107000,4590,https://www.themediaant.com/outdoor/hoarding-jogeshwari-mumbai-37727
Andheri (EAST) 48548,Marol Pipeline Road / Outside Mirage hotel,80,91.6,53.475,46.525,45,49.8,5.2,51,17,32,6500,5700,https://www.themediaant.com/outdoor/bus-shelter-andheri-east-mumbai-48548
Andheri (EAST) 48836,Near Gurunanak School - MW 0378A,80,91.6,53.475,46.525,45,49.8,5.2,51,17,32,6500,5720,https://www.themediaant.com/outdoor/bus-shelter-andheri-east-mumbai-48836
Andheri (EAST) 46843,Opposite Andheri RS Sub Post Office,400,91.6,53.475,46.525,45,49.8,5.2,51,17,32,129000,6660,https://www.themediaant.com/outdoor/hoarding-andheri-west-mumbai-36843
Andheri (EAST) 46844,Opposite Andheri RS Sub Post Office,400,91.6,53.475,46.525,45,49.8,5.2,51,17,32,105000,6520,https://www.themediaant.com/outdoor/hoarding-andheri-west-mumbai-36844
Andheri (EAST) 36848,Beside Essence Transmedia Private Limited,400,91.6,53.475,46.525,45,49.8,5.2,51,17,32,117000,7670,https://www.themediaant.com/outdoor/hoarding-andheri-east-mumbai-36848
Andheri (EAST) 37027,"Opposite Regency Hotel, Above Panthaky Building.",600,91.6,53.475,46.525,45,49.8,5.2,51,17,32,35000,4650,https://www.themediaant.com/outdoor/hoarding-andheri-east-mumbai-37027
Andheri (EAST) 37176,"Andheri, Jog Flyover, Traffic From Jogeshwari",1600,91.6,53.475,46.525,45,49.8,5.2,51,17,32,47000,5650,https://www.themediaant.com/outdoor/hoarding-jogeshwari-mumbai-37176
Andheri (EAST) 37179,"Andheri ROB Flyover, Traffic From Andheri West",600,91.6,53.475,46.525,45,49.8,5.2,51,17,32,129000,6260,https://www.themediaant.com/outdoor/hoarding-andheri-east-mumbai-37178
Andheri (EAST) 37409,"Near Merit Trac Services Private Limited,",800,91.6,53.475,46.525,45,49.8,5.2,51,17,32,70000,4210,https://www.themediaant.com/outdoor/hoarding-jogeshwari-east-mumbai-37409
Andheri (EAST) 37410,"On Weh, Before Jog Flyover",400,91.6,53.475,46.525,45,49.8,5.2,51,17,32,35000,4530,https://www.themediaant.com/outdoor/hoarding-jogeshwari-east-mumbai-37410
Andheri (EAST) 37411,"Opposite Hubtown Solaris, Traffic From Chakala",600,91.6,53.475,46.525,45,49.8,5.2,51,17,32,94000,4560,https://www.themediaant.com/outdoor/hoarding-andheri-east-mumbai-37411
Andheri (EAST) 37142,"Opposite Hubtown Solaris, Traffic From Kapaswad",600,91.6,53.475,46.525,45,49.8,5.2,51,17,32,117000,5350,https://www.themediaant.com/outdoor/hoarding-andheri-east-mumbai-37412
Andheri (EAST) 37713,"Near Poonam Plaza, Traffic From Andheri West",1600,91.6,53.475,46.525,45,49.8,5.2,51,17,32,107000,6160,https://www.themediaant.com/outdoor/hoarding-andheri-east-mumbai-37713
Andheri (EAST) 48527,"Opposite station, Back Side MC Donalds - MW 0261A",80,91.6,53.475,46.525,45,49.8,5.2,51,17,32,5500,5320,https://www.themediaant.com/outdoor/bus-shelter-andheri-west-mumbai-48527
Andheri (EAST) 48537,"Opposite station, Back Side MC Donalds - MW 0260B",80,91.6,53.475,46.525,45,49.8,5.2,51,17,32,5500,5300,https://www.themediaant.com/outdoor/bus-shelter-andheri-west-mumbai-48537
Andheri (EAST) 48544,Opposite German Remedies - MW 0338A,80,91.6,53.475,46.525,45,49.8,5.2,51,17,32,5500,5290,https://www.themediaant.com/outdoor/bus-shelter-andheri-east-mumbai-48544
Andheri (EAST) 48546,"Outside Choice Bakery,Near Hotel Leela - MW 0346A",90,91.6,53.475,46.525,45,49.8,5.2,51,17,32,6500,5710,https://www.themediaant.com/outdoor/bus-shelter-andheri-east-mumbai-48546
Andheri (EAST) 48549,Opposite Parke Davis - MW 0359A,600,91.6,53.475,46.525,45,49.8,5.2,51,17,32,19000,6150,https://www.themediaant.com/outdoor/bus-shelter-andheri-east-mumbai-48549
Andheri (EAST) 37029,Opposite Essence Transmedia Private Limited,1600,91.6,53.475,46.525,45,49.8,5.2,51,17,32,164000,7750,https://www.themediaant.com/outdoor/hoarding-andheri-east-mumbai-37029
Andheri (EAST) 37030,Beside Canara Bank - S.S.B. Branch,800,91.6,53.475,46.525,45,49.8,5.2,51,17,32,35000,6450,https://www.themediaant.com/outdoor/hoarding-andheri-west-mumbai-37030
Andheri (EAST) 37174,"Andheri, Jog Flyover, Traffic From Andheri",1600,91.6,53.475,46.525,45,49.8,5.2,51,17,32,105000,4890,https://www.themediaant.com/outdoor/hoarding-jogeshwari-mumbai-37174
Andheri (EAST) 37177,"Andheri ROB, Traffic From Andheri East",800,91.6,53.475,46.525,45,49.8,5.2,51,17,32,59000,6770,https://www.themediaant.com/outdoor/hoarding-andheri-west-mumbai-37177
Andheri (EAST) 37484,Andheri Highway Nr Bahar Cinema,400,91.6,53.475,46.525,45,49.8,5.2,51,17,32,140000,5690,https://www.themediaant.com/outdoor/hoarding-andheri-east-mumbai-37184
Andheri 37258,"Near Pump House, Traffic From Jogeshwari East",1600,91.6,53.475,46.525,45,49.8,5.2,51,17,32,152000,4570,https://www.themediaant.com/outdoor/hoarding-jogeshwari-east-mumbai-37258
Andheri 37259,"Near Pump House, Traffic From Vile Parle",1600,91.6,53.475,46.525,45,49.8,5.2,51,17,32,117000,5460,https://www.themediaant.com/outdoor/hoarding-jogeshwari-east-mumbai-37259
Andheri 37260,"Near Pump House, Traffic From Jogeshwari East",400,91.6,53.475,46.525,45,49.8,5.2,51,17,32,70000,6590,https://www.themediaant.com/outdoor/hoarding-jogeshwari-east-mumbai-37260
Andheri 37261,"Near Pump House, Traffic From Vile Parle",400,91.6,53.475,46.525,45,49.8,5.2,51,17,32,70000,6130,https://www.themediaant.com/outdoor/hoarding-jogeshwari-east-mumbai-37261
Andheri 37262,"Near Andheri RS Sub Post Office, S V Road",400,91.6,53.475,46.525,45,49.8,5.2,51,17,32,41000,4530,https://www.themediaant.com/outdoor/hoarding-andheri-east-mumbai-37262
Andheri 37263,"Near Andheri RS Sub Post Office, S V Road",380,91.6,53.475,46.525,45,49.8,5.2,51,17,32,41000,6500,https://www.themediaant.com/outdoor/hoarding-andheri-east-mumbai-37263
Andheri 37499,"Near Hotel Oyster, Traffic From JVPD Towards",600,91.6,53.475,46.525,45,49.8,5.2,51,17,32,33000,5320,https://www.themediaant.com/outdoor/hoarding-andheri-west-mumbai-37749
Chembur 22381,"R. K. Studio, V. N. Purav Road, Chembur",148,83.4,54.054,45.946,50,41,9,64.7,15.3,20,6000,5490,https://www.themediaant.com/outdoor/bus-shelter-chembur-east-mumbai-22318
Chembur 22309,"Panjra Pol, Gidwani Marg, Deonar",148,83.4,54.054,45.946,50,41,9,64.7,15.3,20,6000,5510,https://www.themediaant.com/outdoor/bus-shelter-chembur-east-mumbai-22309
Chembur 22320,"Sanduwadi, V. N. Purav Road, Chembur",189,83.4,54.054,45.946,50,41,9,64.7,15.3,20,6000,5520,https://www.themediaant.com/outdoor/bus-shelter-chembur-east-mumbai-22320
Chembur 22324,"Chembur Naka, R. C. Chemburkar Road, Chembur",189,83.4,54.054,45.946,50,41,9,64.7,15.3,20,6000,5550,https://www.themediaant.com/outdoor/bus-shelter-chembur-east-mumbai-22324
Chembur 21936,"Umarshi Bappa Chowk, S. G. Barve Road, Chembur",148,83.4,54.054,45.946,50,41,9,64.7,15.3,20,6000,5500,https://www.themediaant.com/outdoor/bus-shelter-chembur-east-mumbai-21936
Chembur 22319,"R. K. Studio, V. N. Purav Road, Chembur",148,83.4,54.054,45.946,50,41,9,64.7,15.3,20,6000,5480,https://www.themediaant.com/outdoor/bus-shelter-chembur-east-mumbai-22319
Chembur 22327,"Khardeo Nagar, Khardeo Ghatla Road, Chembur",132,83.4,54.054,45.946,50,41,9,64.7,15.3,20,6000,5490,https://www.themediaant.com/outdoor/bus-shelter-khardev-nagar-mumbai-22327
Chembur 22326,"Amar Cinema, Waman Tukaram Patil Marg, Chembur",173,83.4,54.054,45.946,50,41,9,64.7,15.3,20,6000,5560,https://www.themediaant.com/outdoor/bus-shelter-nagesh-patilwadi-mumbai-22326
Chembur 21942,"Basant Park, R. C. Chemburkar Road, Chembur",148,83.4,54.054,45.946,50,41,9,64.7,15.3,20,6000,5470,https://www.themediaant.com/outdoor/bus-shelter-chembur-east-mumbai-21942
Chembur 22294,"Maitri Park, V. N. Purav Road, Chembur",148,83.4,54.054,45.946,50,41,9,64.7,15.3,20,6000,5470,https://www.themediaant.com/outdoor/bus-shelter-vn-purab-marg-mumbai-22294
Chembur 22317,"Panjra Pol, Gidwani Marg, Chembur",231,83.4,54.054,45.946,50,41,9,64.7,15.3,20,6000,5550,https://www.themediaant.com/outdoor/bus-shelter-chembur-east-mumbai-22317
Chembur 21934,"Umarshi Bappa Chowk, V. N. Purav Road, Chembur",148,83.4,54.054,45.946,50,41,9,64.7,15.3,20,6000,5500,https://www.themediaant.com/outdoor/bus-shelter-chembur-east-mumbai-21934
"Bandra West, 48425",OppositeD'monte Park - MW 0075,200,91.6,52.6,47.4,50,41,9,40.8,12.3,46.9,19000,7520,https://www.themediaant.com/outdoor/bus-shelter-bandra-west-mumbai-48425
"Bandra West, 48413",OppositePolice Station / Opposite BMC Office / Near Bhabha Hospital - MW 0051,150,91.6,52.6,47.4,50,41,9,40.8,12.3,46.9,19000,7600,https://www.themediaant.com/outdoor/bus-shelter-bandra-west-mumbai-48413
"Bandra West, 48426",Outside Hongkong Bank ATM / On Pali Naka - MW 0077A,200,91.6,52.6,47.4,50,41,9,40.8,12.3,46.9,19000,7700,https://www.themediaant.com/outdoor/bus-shelter-bandra-west-mumbai-48426
"Bandra West, 48430",Near Bandra Bus Station - MW 0086,200,91.6,52.6,47.4,50,41,9,40.8,12.3,46.9,6500,5720,https://www.themediaant.com/outdoor/bus-shelter-bandra-west-mumbai-48430
"Bandra West, 48417","Near Baskin Robbins, Near. Linking Road Crossing - MW 0057",200,91.6,52.6,47.4,50,41,9,40.8,12.3,46.9,19000,7580,https://www.themediaant.com/outdoor/bus-shelter-bandra-west-mumbai-48417
"Bandra West, 48424",Near Joggers Park - MW 0073,200,91.6,52.6,47.4,50,41,9,40.8,12.3,46.9,19000,7650,https://www.themediaant.com/outdoor/bus-shelter-bandra-west-mumbai-48424
"Bandra West, 48428","Station Road,Opposite Cooper chimney - MW 0080",150,91.6,52.6,47.4,50,41,9,40.8,12.3,46.9,6500,5750,https://www.themediaant.com/outdoor/bus-shelter-bandra-west-mumbai-48428
"Bandra West, 48443",Opposite Movie Time / Near Gaiety Galaxy Theatre - MW 0109,200,91.6,52.6,47.4,50,41,9,40.8,12.3,46.9,19000,7660,https://www.themediaant.com/outdoor/bus-shelter-bandra-west-mumbai-48443
"Bandra West, 48450",Near Elco Market / Near Globus / Near Bhabha Hospital - MW 0049,200,91.6,52.6,47.4,50,41,9,40.8,12.3,46.9,19000,7700,https://www.themediaant.com/outdoor/bus-shelter-bandra-west-mumbai-48450
"Bandra West, 48678",Outside Blues Bizaar / Outside Amarsons / Near National College - MW 0095,200,91.6,52.6,47.4,50,41,9,40.8,12.3,46.9,33000,8200,https://www.themediaant.com/outdoor/bus-shelter-bandra-west-mumbai-48678
"Bandra West, 48410",Near the church - MW 0047,200,91.6,52.6,47.4,50,41,9,40.8,12.3,46.9,19000,7660,https://www.themediaant.com/outdoor/bus-shelter-bandra-west-mumbai-48410
"Bandra West, 48416",Opposite Pali market - MW 0056,200,91.6,52.6,47.4,50,41,9,40.8,12.3,46.9,19000,7550,https://www.themediaant.com/outdoor/bus-shelter-bandra-west-mumbai-48416
"Bandra West, 48427",Near Park Avenue S/room / Outside SBI ATM - MW 0078,200,91.6,52.6,47.4,50,41,9,40.8,12.3,46.9,19000,7650,https://www.themediaant.com/outdoor/bus-shelter-bandra-west-mumbai-48427
"Bandra West, 48433",Opposite Blues Bizaar / Opposite Amarsons / Near National College - MW 0094,200,91.6,52.6,47.4,50,41,9,40.8,12.3,46.9,33000,8160,https://www.themediaant.com/outdoor/bus-shelter-bandra-west-mumbai-48433
"Bandra West, 48434",Opposite Blues Bizaar / Opposite Amarsons / Near National College - MW 0094,200,91.6,52.6,47.4,50,41,9,40.8,12.3,46.9,33000,8200,https://www.themediaant.com/outdoor/bus-shelter-bandra-west-mumbai-48434
"Bandra West, 48462",Next to Copper Chimney - MW 0079,200,91.6,52.6,47.4,50,41,9,40.8,12.3,46.9,6500,5780,https://www.themediaant.com/outdoor/bus-shelter-bandra-west-mumbai-48462
"Bandra West, 48728",Opposite Movie Time / Near Gaiety Galaxy Theatre - MW 0110A,200,91.6,52.6,47.4,50,41,9,40.8,12.3,46.9,19000,7560,https://www.themediaant.com/outdoor/bus-shelter-bandra-west-mumbai-48728
"Bandra West, 48423",Near Joggers Park - MW 0072,200,91.6,52.6,47.4,50,41,9,40.8,12.3,46.9,19000,7500,https://www.themediaant.com/outdoor/bus-shelter-bandra-west-mumbai-48423
"Bandra West, 48472",Outside Shoppers stop - MW 0093,200,91.6,52.6,47.4,50,41,9,40.8,12.3,46.9,33000,8180,https://www.themediaant.com/outdoor/bus-shelter-bandra-west-mumbai-48472
"Bandra West, 48677",Outside Shoppers stop - MW 0093,200,91.6,52.6,47.4,50,41,9,40.8,12.3,46.9,33000,8220,https://www.themediaant.com/outdoor/bus-shelter-bandra-west-mumbai-48677
"Bandra, 24803","Bandra : Linking Road Near Amarsons, Facing traffic from Bandra towards Khar",400,91.6,52.6,47.4,50,41,9,40.8,12.3,46.9,70000,6830,https://www.themediaant.com/outdoor/hoarding-khar-west-mumbai-23170
"Mahim, 36789","Opposite St. Michael's Church, At Bus Depot, Mahim Causeway, Traffic From Mahim Junction Towards Reclamation (Right Hand Side)",1032,91.6,52.6,47.4,50,41,9,40.8,12.3,46.9,94000,7340,https://www.themediaant.com/outdoor/hoarding-mahim-mumbai-36789
"Mahim, 24775",Mahim Causway Intersection Junction ( Left Hand Side ),400,91.6,52.6,47.4,50,41,9,40.8,12.3,46.9,128500,7560,https://www.themediaant.com/outdoor/hoarding-mahim-mumbai-24775
"Mahim, 22120","Mahim, L. J. Road, Mahim",142,91.6,52.6,47.4,50,41,9,40.8,12.3,46.9,23500,7850,https://www.themediaant.com/outdoor/bus-shelter-mahim-mumbai-22120
"Mahim, 36786","Opposite St. Michael's Church, At Bus Depot, Mahim Causeway, Traffic From Mahim Junction Towards Reclamation (Right Hand Side)",1200,91.6,52.6,47.4,50,41,9,40.8,12.3,46.9,560000,8890,https://www.themediaant.com/outdoor/hoarding-mahim-mumbai-36786
Chembur 21939,"Bhakti Bhavan, Hemu Kalani Marg, Chembur",148,83.4,54.054,45.946,50,41,9,64.7,15.3,20,6000,5500,https://www.themediaant.com/outdoor/bus-shelter-chembur-east-mumbai-21939
Chembur 21935,"Umarshi Bappa Chowk, V. N. Purav Road, Chembur",132,83.4,54.054,45.946,50,41,9,64.7,15.3,20,6000,5520,https://www.themediaant.com/outdoor/bus-shelter-chembur-east-mumbai-21935
Chembur 22321,"Sanduwadi, V. N. Purav Road, Chembur",106,83.4,54.054,45.946,50,41,9,64.7,15.3,20,6000,5620,https://www.themediaant.com/outdoor/bus-shelter-chembur-east-mumbai-22321
Chembur 22311,"Wadavli Gaon, Gidwani Marg, Chembur",94,83.4,54.054,45.946,50,41,9,64.7,15.3,20,6000,5570,https://www.themediaant.com/outdoor/bus-shelter-chembur-east-mumbai-22311
Chembur 21941,"Basant Park, R. C. Chemburkar Road, Chembur",94,83.4,54.054,45.946,50,41,9,64.7,15.3,20,6000,5510,https://www.themediaant.com/outdoor/bus-shelter-chembur-east-mumbai-21941
Chembur 21962,"Basant Park, R. C. Chemburkar Road, Chembur",148,83.4,54.054,45.946,50,41,9,64.7,15.3,20,6000,5490,https://www.themediaant.com/outdoor/bus-shelter-chembur-east-mumbai-21962
Chembur 21966,"Chembur Naka, V. N. Purav Road, Chembur",148,83.4,54.054,45.946,50,41,9,64.7,15.3,20,23500,7780,https://www.themediaant.com/outdoor/bus-shelter-chembur-east-mumbai-21966
Chembur 21969,"Suman Nagar, V. N. Purav Road, Chembur",148,83.4,54.054,45.946,50,41,9,64.7,15.3,20,6000,5510,https://www.themediaant.com/outdoor/bus-shelter-chembur-east-mumbai-21969
Chembur 21937,"Umarshi Bappa Chowk, S. G. Barve Road, Chembur",148,83.4,54.054,45.946,50,41,9,64.7,15.3,20,6000,5490,https://www.themediaant.com/outdoor/bus-shelter-chembur-east-mumbai-21937
Chembur 21968,"Suman Nagar, V. N. Purav Road, Chembur",148,83.4,54.054,45.946,50,41,9,64.7,15.3,20,6000,5620,https://www.themediaant.com/outdoor/bus-shelter-chembur-east-mumbai-21968
Chembur 21961,"Navjeevan Society, R. C. Chemburkar Road, Chembur",148,83.4,54.054,45.946,50,41,9,64.7,15.3,20,6000,5570,https://www.themediaant.com/outdoor/bus-shelter-chembur-east-mumbai-21961
Chembur 21954,"Ajij Baug, R. C. Chemburkar Road, Chembur",148,83.4,54.054,45.946,50,41,9,64.7,15.3,20,6000,5510,https://www.themediaant.com/outdoor/bus-shelter-chembur-east-mumbai-21954
Chembur 21957,"Chembur Colony, R. C. Chemburkar Road, Chembur",94,83.4,54.054,45.946,50,41,9,64.7,15.3,20,6000,5520,https://www.themediaant.com/outdoor/bus-shelter-chembur-east-mumbai-21957
Chembur 21933,"Suman Nagar, V. N. Purav Road, Chembur",231,83.4,54.054,45.946,50,41,9,64.7,15.3,20,6000,5620,https://www.themediaant.com/outdoor/bus-shelter-chembur-east-mumbai-21933
Chembur 21943,"Navjeevan Colony, R. C. Chemburkar Road, Chembur",231,83.4,54.054,45.946,50,41,9,64.7,15.3,20,6000,5570,https://www.themediaant.com/outdoor/bus-shelter-navajeevan-society-mumbai-21943
Chembur 21944,"Chembur Colony, R. C. Chemburkar Road, Chembur",231,83.4,54.054,45.946,50,41,9,64.7,15.3,20,6000,5510,https://www.themediaant.com/outdoor/bus-shelter-chembur-east-mumbai-21944
Chembur 22341,"Ambedkar Udyan, Dayanand Saraswati Marg, Chembur",231,83.4,54.054,45.946,50,41,9,64.7,15.3,20,6000,5490,https://www.themediaant.com/outdoor/bus-shelter-chembur-gaothan-mumbai-22341
Chembur 21940,"Basant Park, R. C. Chemburkar Road, Chembur",94,83.4,54.054,45.946,50,41,9,64.7,15.3,20,6000,5500,https://www.themediaant.com/outdoor/bus-shelter-chembur-east-mumbai-21940
Chembur 21947,"Ajij Baug, R. C. Chemburkar Road, Chembur",148,83.4,54.054,45.946,50,41,9,64.7,15.3,20,6000,5480,https://www.themediaant.com/outdoor/bus-shelter-chembur-east-mumbai-21947
Chembur 22314,"Golf Club, Gidwani Marg, Chembur",148,83.4,54.054,45.946,50,41,9,64.7,15.3,20,6000,5540,https://www.themediaant.com/outdoor/bus-shelter-chembur-colony-mumbai-22314
Chembur 22342,"Ambedkar Udyan, Dayanand Saraswati Marg, Chembur",132,83.4,54.054,45.946,50,41,9,64.7,15.3,20,6000,5530,https://www.themediaant.com/outdoor/bus-shelter-chembur-gaothan-mumbai-22342
Chembur 21946,"Marwali Church, R. C. Chemburkar Road, Chembur",148,83.4,54.054,45.946,50,41,9,64.7,15.3,20,6000,5450,https://www.themediaant.com/outdoor/bus-shelter-chembur-east-mumbai-21946
Chembur 21948,"Indian Oil, Ganpat Patil Marg, Chembur",132,83.4,54.054,45.946,50,41,9,64.7,15.3,20,6000,5610,https://www.themediaant.com/outdoor/bus-shelter-chembur-east-mumbai-21948
Chembur 21956,"Marwali Church, R. C. Chemburkar Road, Chembur",94,83.4,54.054,45.946,50,41,9,64.7,15.3,20,6000,5630,https://www.themediaant.com/outdoor/bus-shelter-chembur-east-mumbai-21956
Chembur 21967,"Umarshi Bappa Chowk, V. N. Purav Road, Chembur",94,83.4,54.054,45.946,50,41,9,64.7,15.3,20,23500,7750,https://www.themediaant.com/outdoor/bus-shelter-chembur-east-mumbai-21967
Chembur 22310,"Wadavli Gaon, Gidwani Marg, Chembur",94,83.4,54.054,45.946,50,41,9,64.7,15.3,20,6000,5500,https://www.themediaant.com/outdoor/bus-shelter-chembur-east-mumbai-22310
Chembur 22313,"Golf Club, Gidwani Marg, Chembur",148,83.4,54.054,45.946,50,41,9,64.7,15.3,20,6000,5540,https://www.themediaant.com/outdoor/bus-shelter-chembur-colony-mumbai-22313
Chembur 22958,"Chembur Colony, R. C. Chemburkar Road, Chembur",94,83.4,54.054,45.946,50,41,9,64.7,15.3,20,6000,5570,https://www.themediaant.com/outdoor/bus-shelter-chembur-east-mumbai-21958
Chembur 21963,"Chembur Naka, V. N. Purav Road, Chembur",148,83.4,54.054,45.946,50,41,9,64.7,15.3,20,23500,7680,https://www.themediaant.com/outdoor/bus-shelter-chembur-east-mumbai-21963
Chembur 21938,"Bhakti Bhavan, Hemu Kalani Marg, Chembur",148,83.4,54.054,45.946,50,41,9,64.7,15.3,20,6000,5570,https://www.themediaant.com/outdoor/bus-shelter-chembur-east-mumbai-21938
Chembur 21960,"Chembur Colony, R. C. Chemburkar Road, Chembur",94,83.4,54.054,45.946,50,41,9,64.7,15.3,20,6000,5510,https://www.themediaant.com/outdoor/bus-shelter-chembur-east-mumbai-21960
Chembur 22315,"Basant Cinema, Gidwani Marg, Chembur",148,83.4,54.054,45.946,50,41,9,64.7,15.3,20,6000,5490,https://www.themediaant.com/outdoor/bus-shelter-chembur-east-mumbai-22315
Chembur 21945,"Chembur Colony, R. C. Chemburkar Road, Chembur",148,83.4,54.054,45.946,50,41,9,64.7,15.3,20,6000,5500,https://www.themediaant.com/outdoor/bus-shelter-chembur-east-mumbai-21945
Chembur 22316,"Basant Cinema, Gidwani Marg, Chembur",148,83.4,54.054,45.946,50,41,9,64.7,15.3,20,6000,5620,https://www.themediaant.com/outdoor/bus-shelter-chembur-east-mumbai-22316
Chembur 21955,"Marwali Church, R. C. Chemburkar Road, Chembur",148,83.4,54.054,45.946,50,41,9,64.7,15.3,20,6000,5590,https://www.themediaant.com/outdoor/bus-shelter-chembur-east-mumbai-21955
Chembur 36903,Beside Bhabha Atomic Research Center Quarter,625,83.4,54.054,45.946,50,41,9,64.7,15.3,20,140000,4530,https://www.themediaant.com/outdoor/hoarding-chembur-mumbai-36903
Chembur 37476,"Near Rk Studio, Traffic From Vashi",320,83.4,54.054,45.946,50,41,9,64.7,15.3,20,117000,4120,https://www.themediaant.com/outdoor/hoarding-chembur-mumbai-37476
Chembur 37470,Near Tata Institute Of Social Sciences,800,83.4,54.054,45.946,50,41,9,64.7,15.3,20,234000,7770,https://www.themediaant.com/outdoor/hoarding-chembur-mumbai-37470
Chembur 37474,Near Indian Overseas Bank Officer's Quarters,520,83.4,54.054,45.946,50,41,9,64.7,15.3,20,129000,6190,https://www.themediaant.com/outdoor/hoarding-chembur-mumbai-37474
"Mulund, 14790","LBS Road, Traffic facing from Nirmal Lifestyle towards R Mall",1200,93.2,51.6,48.4,50,41,9,59.8,19,21.2,70000,5820,https://www.themediaant.com/outdoor/hoarding-mulund-dd-road-mumbai-14790
"Mulund, 14798","LBS Road, R Mall towards Nirmal Lifestyle",800,93.2,51.6,48.4,50,41,9,59.8,19,21.2,58500,5430,https://www.themediaant.com/outdoor/hoarding-mulund-dd-road-mumbai-14798
"Mulund, 14806","LBS Road,Traffic facing from R Mall towards Nirmal Life Style",800,93.2,51.6,48.4,50,41,9,59.8,19,21.2,58500,5450,https://www.themediaant.com/outdoor/hoarding-mulund-dd-road-mumbai-14806
"Bhandup West, 22354","Mulund Link Road, Traffic From Mulund To Airoli",320,93.2,51.6,48.4,50,41,9,59.8,19,21.2,47000,5210,https://www.themediaant.com/outdoor/hoarding-bhandup-west-mumbai-22354
"Mulund West, 22286","Veena Nagar, L. B. S. Road, Mulund (W)",106,93.2,51.6,48.4,50,41,9,59.8,19,21.2,6000,5590,https://www.themediaant.com/outdoor/bus-shelter-hansa-sagar-mumbai-22286
"Mulund West, 22279","Rally Wolf, L. B. S. Road, Mulund (W)",54,93.2,51.6,48.4,50,41,9,59.8,19,21.2,23500,7800,https://www.themediaant.com/outdoor/bus-shelter-asha-nagar-mumbai-22279
"Mulund West, 22282","Mehul Cinema, Jawaharlal Nehru Road, Mulund (W)",148,93.2,51.6,48.4,50,41,9,59.8,19,21.2,6000,5600,https://www.themediaant.com/outdoor/bus-shelter-indira-nagar-mumbai-22282
"Bhandup East, 23265",Nahur Link Road Traffic Moving from Nirmal lifestyle to Eastern express highway,800,93.2,51.6,48.4,50,41,9,59.8,19,21.2,63000,5600,https://www.themediaant.com/outdoor/hoarding-bhandup-east-mumbai-23265
"Bhandup West, 22226","Asian Paints, L. B. S. Road, Bhandup",231,93.2,51.6,48.4,50,41,9,59.8,19,21.2,6000,5630,https://www.themediaant.com/outdoor/bus-shelter-bhandup-west-mumbai-22226
"Mulund West, 22285","Santoshi Mata Mandir, L. B. S. Road, Mulund (W)",189,93.2,51.6,48.4,50,41,9,59.8,19,21.2,23500,7810,https://www.themediaant.com/outdoor/bus-shelter-mulund-west-mumbai-22285
"Bhandup East, 23266",Nahur Link Road Traffic Coming from Eastern express highway to Nirmal lifestyle,800,93.2,51.6,48.4,50,41,9,59.8,19,21.2,63000,6625,https://www.themediaant.com/outdoor/hoarding-bhandup-east-mumbai-23266
"Mulund West, 22273","Municipal Hospital, R. P. Road, Mulund (W)",148,93.2,51.6,48.4,50,41,9,59.8,19,21.2,6000,5610,https://www.themediaant.com/outdoor/bus-shelter-mulund-west-mumbai-22273
"Bhandup West, 22225","Asian Paints, L. B. S. Road, Bhandup",142,93.2,51.6,48.4,50,41,9,59.8,19,21.2,6000,5590,https://www.themediaant.com/outdoor/bus-shelter-bhandup-west-mumbai-22225
"Mulund West, 22274","Municipal Hospital, R. P. Road, Mulund (W)",231,93.2,51.6,48.4,50,41,9,59.8,19,21.2,6000,5620,https://www.themediaant.com/outdoor/bus-shelter-mulund-west-mumbai-22274
"Mulund West, 22272","Mulund Dnyan Sarita, N. S. Road, Mulund (W)",148,93.2,51.6,48.4,50,41,9,59.8,19,21.2,6000,5580,https://www.themediaant.com/outdoor/bus-shelter-mulund-west-mumbai-22272
"Mulund East, 22267","Mulund Station (E), Station Road, Mulund (E)",231,93.2,51.6,48.4,50,41,9,59.8,19,21.2,6000,5550,https://www.themediaant.com/outdoor/bus-shelter-mulund-east-mumbai-22267
